Date,Open,High,Low,Close,Volume,Dividends,Stock Splits
2026-02-05 00:00:00+09:00,2656.359810444846,2665.1816695939247,2612.740617985512,2626.95361328125,2043000,0.0,0.0
2026-02-06 00:00:00+09:00,2626.9535353953497,2684.2956181642408,2610.2900241633647,2682.335205078125,2016200,0.0,0.0
2026-02-09 00:00:00+09:00,2773.0043849099443,2773.0043849099443,2666.1618688423646,2686.256103515625,2246000,0.0,0.0
2026-02-10 00:00:00+09:00,2675.963830854412,2714.191885580904,2656.8498034911663,2700.468994140625,2295600,0.0,0.0
2026-02-12 00:00:00+09:00,2708.3107863800433,2871.025079010911,2568.6313484288466,2787.70751953125,5457400,0.0,0.0
2026-02-13 00:00:00+09:00,2738.6970798441657,2842.598973352928,2715.662226094582,2761.73193359375,3897600,0.0,0.0
2026-02-16 00:00:00+09:00,2787.2174428020908,2790.1580625764554,2710.2712253728787,2729.38525390625,1519900,0.0,0.0
2026-02-17 00:00:00+09:00,2743.1080139008163,2795.549064014697,2731.3455353706004,2755.360595703125,1722600,0.0,0.0
2026-02-18 00:00:00+09:00,2769.0834509855317,2793.5886142685895,2744.578287702474,2753.400146484375,1805100,0.0,0.0
2026-02-19 00:00:00+09:00,2764.1824891137294,2826.4256054466096,2730.3653629171254,2810.252197265625,1508100,0.0,0.0
2026-02-20 00:00:00+09:00,2767.123038279123,2773.9844839992625,2696.0580647491065,2700.468994140625,2271800,0.0,0.0
2026-02-24 00:00:00+09:00,2723.0138238691634,2777.4152879529424,2703.8997959478356,2771.0439453125,2085100,0.0,0.0
2026-02-25 00:00:00+09:00,2768.103404095578,2840.638691596666,2753.40030527779,2815.1533203125,1650900,0.0,0.0
2026-02-26 00:00:00+09:00,2827.4057621032234,2834.2672078770916,2793.588636503445,2800.940185546875,1527900,0.0,0.0
2026-02-27 00:00:00+09:00,2833.287125854597,2862.203220029553,2794.078862566521,2860.73291015625,3204000,0.0,0.0
2026-03-02 00:00:00+09:00,2811.722412109375,2826.425509958997,2751.439710925925,2811.722412109375,1905400,0.0,0.0
2026-03-03 00:00:00+09:00,2791.1382281068313,2811.2324629360464,2631.3645560501454,2634.30517578125,2751500,0.0,0.0
2026-03-04 00:00:00+09:00,2585.294732433579,2602.448346772001,2520.1109979475764,2535.30419921875,2656500,0.0,0.0
2026-03-05 00:00:00+09:00,2654.399334411158,2668.122226095706,2581.8640497928327,2583.824462890625,3051100,0.0,0.0
2026-03-06 00:00:00+09:00,2541.675501113087,2574.022316206312,2529.913022897369,2566.1806640625,2034400,0.0,0.0
2026-03-09 00:00:00+09:00,2419.149730204582,2463.7491275807197,2393.66436027536,2449.5361328125,2466800,0.0,0.0
2026-03-10 00:00:00+09:00,2498.5464811697357,2528.9328840399835,2476.0017306531,2523.541748046875,2162500,0.0,0.0
2026-03-11 00:00:00+09:00,2567.161006536089,2595.096893777891,2551.9678047028287,2560.299560546875,1484200,0.0,0.0
2026-03-12 00:00:00+09:00,2547.066691913755,2547.066691913755,2448.5559347317912,2489.724609375,2568200,0.0,0.0
2026-03-13 00:00:00+09:00,2440.714314656306,2479.9225767391385,2429.4419393074922,2445.125244140625,2289900,0.0,0.0
2026-03-16 00:00:00+09:00,2409.347689409322,2425.5210974139004,2328.48064938643,2338.28271484375,3068200,0.0,0.0
2026-03-17 00:00:00+09:00,2357.396867613724,2378.4713094655726,2351.0255247282817,2371.60986328125,1556700,0.0,0.0
2026-03-18 00:00:00+09:00,2396.6050346224915,2420.129992017559,2388.273278878405,2399.545654296875,1441000,0.0,0.0
2026-03-19 00:00:00+09:00,2351.5154578275083,2351.5154578275083,2282.901000950507,2296.1337890625,3915200,0.0,0.0
2026-03-23 00:00:00+09:00,2250.5542858268473,2259.866248246427,2203.0142671584663,2235.361083984375,2665600,0.0,0.0
2026-03-24 00:00:00+09:00,2300.054715161253,2301.525025015394,2258.886039245305,2288.292236328125,1751100,0.0,0.0
2026-03-25 00:00:00+09:00,2337.3025271219076,2349.065005765423,2295.1536453159765,2312.79736328125,2198400,0.0,0.0
2026-03-26 00:00:00+09:00,2312.797346383689,2314.2676562033857,2234.8709259397374,2258.885986328125,3490200,0.0,0.0
2026-03-27 00:00:00+09:00,2242.2224612736663,2288.292168674699,2242.2224612736663,2278.0,3668300,0.0,0.0
2026-03-30 00:00:00+09:00,2153.0,2229.0,2152.0,2215.5,4477000,46.0,0.0
2026-03-31 00:00:00+09:00,2198.0,2251.0,2181.0,2221.0,2871400,0.0,0.0
2026-04-01 00:00:00+09:00,2280.0,2285.0,2252.0,2283.5,1700300,0.0,0.0
2026-04-02 00:00:00+09:00,2313.5,2330.5,2263.5,2265.5,1789400,0.0,0.0
2026-04-03 00:00:00+09:00,2273.0,2288.0,2258.5,2288.0,1402800,0.0,0.0
2026-04-06 00:00:00+09:00,2287.0,2323.5,2281.5,2314.5,1757900,0.0,0.0
2026-04-07 00:00:00+09:00,2311.0,2315.5,2279.5,2304.0,2839900,0.0,0.0
2026-04-08 00:00:00+09:00,2400.0,2440.5,2362.5,2440.5,3611100,0.0,0.0
2026-04-09 00:00:00+09:00,2452.0,2457.0,2395.0,2395.0,2607200,0.0,0.0
2026-04-10 00:00:00+09:00,2400.5,2420.5,2353.0,2353.0,2489100,0.0,0.0
2026-04-13 00:00:00+09:00,2317.5,2346.5,2305.0,2324.0,2069900,0.0,0.0
2026-04-14 00:00:00+09:00,2358.5,2369.0,2330.0,2350.5,2024300,0.0,0.0
2026-04-15 00:00:00+09:00,2384.5,2438.0,2351.0,2357.0,2454200,0.0,0.0
2026-04-16 00:00:00+09:00,2365.5,2399.0,2345.5,2359.0,2314900,0.0,0.0
2026-04-17 00:00:00+09:00,2379.0,2382.0,2309.0,2321.0,2173300,0.0,0.0
2026-04-20 00:00:00+09:00,2371.0,2374.0,2322.5,2350.0,1318900,0.0,0.0
2026-04-21 00:00:00+09:00,2357.0,2393.5,2346.0,2367.0,2347400,0.0,0.0
2026-04-22 00:00:00+09:00,2350.0,2356.5,2308.5,2321.5,1576500,0.0,0.0
2026-04-23 00:00:00+09:00,2320.0,2320.0,2254.0,2270.0,2022200,0.0,0.0
2026-04-24 00:00:00+09:00,2299.5,2300.0,2236.0,2243.0,2509600,0.0,0.0
2026-04-27 00:00:00+09:00,2220.0,2246.0,2210.0,2227.5,2744100,0.0,0.0
2026-04-28 00:00:00+09:00,2267.0,2273.5,2230.0,2271.0,2456800,0.0,0.0
2026-04-30 00:00:00+09:00,2173.0,2195.5,2136.0,2146.0,3477600,0.0,0.0
2026-05-01 00:00:00+09:00,2133.0,2143.5,2089.5,2120.5,2267200,0.0,0.0
2026-05-07 00:00:00+09:00,2153.0,2176.5,2121.5,2168.0,3802100,0.0,0.0
2026-05-08 00:00:00+09:00,2180.0,2190.0,2137.0,2154.0,2439400,0.0,0.0
2026-05-11 00:00:00+09:00,2118.0,2160.5,2104.0,2141.5,2369300,0.0,0.0
2026-05-12 00:00:00+09:00,2098.0,2173.5,2098.0,2138.0,2513200,0.0,0.0
2026-05-13 00:00:00+09:00,2117.0,2374.0,2116.0,2288.5,7460400,0.0,0.0
2026-05-14 00:00:00+09:00,2337.5,2506.5,2314.0,2377.5,6658100,0.0,0.0
2026-05-15 00:00:00+09:00,2355.0,2377.5,2268.5,2298.5,3787300,0.0,0.0
2026-05-18 00:00:00+09:00,2328.0,2329.5,2204.0,2215.0,2436300,0.0,0.0
2026-05-19 00:00:00+09:00,2210.0,2250.0,2174.0,2250.0,3051600,0.0,0.0
2026-05-20 00:00:00+09:00,2256.0,2268.5,2197.5,2204.5,2554000,0.0,0.0
2026-05-21 00:00:00+09:00,2242.5,2254.5,2204.0,2211.0,1589900,0.0,0.0
2026-05-22 00:00:00+09:00,2231.5,2246.0,2194.0,2220.0,2442600,0.0,0.0
2026-05-25 00:00:00+09:00,2239.5,2323.5,2234.0,2315.0,2673700,0.0,0.0
2026-05-26 00:00:00+09:00,2307.0,2310.0,2240.5,2252.5,2545200,0.0,0.0
2026-05-27 00:00:00+09:00,2225.5,2275.5,2223.0,2250.5,2700800,0.0,0.0
2026-05-28 00:00:00+09:00,2256.0,2285.0,2226.0,2282.0,2792000,0.0,0.0
2026-05-29 00:00:00+09:00,2315.0,2391.0,2282.5,2348.5,5256800,0.0,0.0
2026-06-01 00:00:00+09:00,2341.0,2343.0,2241.5,2299.0,3288700,0.0,0.0
2026-06-02 00:00:00+09:00,2230.0,2272.0,2218.5,2238.0,2927400,0.0,0.0
2026-06-03 00:00:00+09:00,2181.0,2217.0,2171.0,2171.0,3118800,0.0,0.0
2026-06-04 00:00:00+09:00,2170.0,2240.0,2165.5,2192.5,2554000,0.0,0.0
2026-06-05 00:00:00+09:00,2215.5,2250.0,2177.0,2177.0,2533700,0.0,0.0
2026-06-08 00:00:00+09:00,2150.0,2190.0,2136.5,2163.5,2502800,0.0,0.0
2026-06-09 00:00:00+09:00,2213.0,2222.0,2148.5,2160.5,2076200,0.0,0.0
2026-06-10 00:00:00+09:00,2186.0,2195.5,2142.0,2151.5,2360600,0.0,0.0
2026-06-11 00:00:00+09:00,2101.5,2127.5,2055.5,2083.0,2441000,0.0,0.0
2026-06-12 00:00:00+09:00,2145.0,2157.5,2114.0,2135.0,3565000,0.0,0.0
2026-06-15 00:00:00+09:00,2233.5,2338.5,2207.0,2294.0,4242200,0.0,0.0
2026-06-16 00:00:00+09:00,2295.5,2322.0,2239.5,2249.0,3010400,0.0,0.0
2026-06-17 00:00:00+09:00,2269.5,2275.0,2238.0,2248.0,3219900,0.0,0.0
2026-06-18 00:00:00+09:00,2249.5,2254.5,2188.0,2190.5,2507900,0.0,0.0
2026-06-19 00:00:00+09:00,2275.0,2296.0,2241.0,2280.5,4360100,0.0,0.0
2026-06-22 00:00:00+09:00,2275.0,2317.5,2274.0,2290.5,2570300,0.0,0.0
2026-06-23 00:00:00+09:00,2278.0,2308.5,2206.0,2206.0,2211600,0.0,0.0
2026-06-24 00:00:00+09:00,2199.0,2205.0,2132.0,2146.0,2683400,0.0,0.0
2026-06-25 00:00:00+09:00,2187.5,2190.0,2152.5,2168.5,2145100,0.0,0.0
2026-06-26 00:00:00+09:00,2190.0,2202.0,2168.0,2195.5,2272700,0.0,0.0
2026-06-29 00:00:00+09:00,2207.0,2210.0,2147.5,2161.0,2408100,0.0,0.0
2026-06-30 00:00:00+09:00,2170.0,2175.5,2137.5,2150.5,2730100,0.0,0.0
2026-07-01 00:00:00+09:00,2188.5,2198.5,2147.5,2154.5,2952300,0.0,0.0
2026-07-02 00:00:00+09:00,2185.0,2246.5,2181.5,2232.0,2868300,0.0,0.0
2026-07-03 00:00:00+09:00,2259.5,2327.0,2240.5,2314.0,4000300,0.0,0.0
2026-07-06 00:00:00+09:00,2340.0,2398.0,2331.5,2390.5,4032800,0.0,0.0
2026-07-07 00:00:00+09:00,2400.0,2459.5,2373.0,2389.5,4162800,0.0,0.0
2026-07-08 00:00:00+09:00,2361.5,2401.5,2326.0,2380.0,3474200,0.0,0.0
2026-07-09 00:00:00+09:00,2358.5,2380.0,2328.0,2336.5,2810200,0.0,0.0
2026-07-10 00:00:00+09:00,2386.5,2386.5,2316.0,2349.0,2602900,0.0,0.0
2026-07-13 00:00:00+09:00,2383.0,2385.0,2306.0,2319.5,1613800,0.0,0.0
2026-07-14 00:00:00+09:00,2316.0,2339.0,2309.0,2330.0,1673900,0.0,0.0
2026-07-15 00:00:00+09:00,2341.0,2367.5,2337.0,2345.5,1609300,0.0,0.0
2026-07-16 00:00:00+09:00,2340.5,2354.0,2325.5,2327.5,1940100,0.0,0.0
2026-07-17 00:00:00+09:00,2329.5,2355.0,2283.0,2323.5,2629700,0.0,0.0
2026-07-21 00:00:00+09:00,2295.0,2347.5,2295.0,2329.5,2000800,0.0,0.0
2026-07-22 00:00:00+09:00,2318.0,2347.0,2301.0,2329.0,1876300,0.0,0.0
2026-07-23 00:00:00+09:00,2301.0,2329.0,2300.5,2329.0,1790500,0.0,0.0
2026-07-24 00:00:00+09:00,2300.0,2308.5,2259.0,2272.0,2058400,0.0,0.0
2026-07-27 00:00:00+09:00,2300.0,2423.0,2293.5,2410.0,3704000,0.0,0.0
2026-07-28 00:00:00+09:00,2434.0,2453.0,2397.5,2431.0,3964100,0.0,0.0
2026-07-29 00:00:00+09:00,2456.5,2470.5,2392.0,2470.5,3049400,0.0,0.0
2026-07-30 00:00:00+09:00,2470.0,2487.0,2410.0,2460.0,2422500,0.0,0.0
2026-07-31 00:00:00+09:00,2310.0,2475.5,2310.0,2402.5,3265000,0.0,0.0
2026-08-03 00:00:00+09:00,2332.0,2476.0,2273.5,2300.5,7887600,0.0,0.0
2026-08-04 00:00:00+09:00,2210.5,2252.0,2176.0,2216.5,5461900,0.0,0.0
2026-08-05 00:00:00+09:00,2248.0,2248.0,2199.5,2233.0,3462400,0.0,0.0
