検出日,コード,検出時終値,初動スコア
2026-07-27,6592,1705.5,20
2026-07-27,7343,1235.0,18
2026-07-27,7769,3940.0,18
2026-07-27,4725,1848.0,17
2026-07-27,4766,198.0,17
2026-07-27,5445,1965.0,17
2026-07-27,8995,943.0,17
2026-07-27,2749,636.0,16
2026-07-27,3176,863.0,16
2026-07-27,3659,2444.5,16
2026-07-27,3660,437.0,16
2026-07-27,8349,1511.0,16
2026-07-27,2488,1435.0,15
2026-07-27,6082,996.0,15
2026-07-27,9902,2852.0,15
2026-07-27,2124,948.0,14
2026-07-27,438A,868.0,14
2026-07-27,9766,19480.0,14
2026-07-27,7350,7560.0,13
2026-07-27,2831,3650.0,12
2026-07-28,2910,1385.0,19
2026-07-28,4776,2659.0,15
2026-07-28,7611,2884.0,15
2026-07-28,4443,1971.0,14
2026-07-28,3284,1256.0,12
2026-07-28,5287,874.0,12
2026-07-28,3925,1254.0,11
2026-07-28,5587,940.0,11
2026-07-28,9766,20140.0,10
2026-07-28,2124,952.0,9
2026-07-28,3659,2488.0,9
2026-07-28,4299,1218.0,9
2026-07-28,4752,1538.0,9
2026-07-28,6563,503.0,9
2026-07-28,6675,2034.0,9
2026-07-28,9346,1650.0,9
2026-07-28,9692,2245.06,9
2026-07-28,3771,1847.0,8
2026-07-28,3970,790.0,8
2026-07-28,477A,595.0,8
2026-07-29,3771,1871.0,19
2026-07-29,4299,1245.0,19
2026-07-29,6630,769.0,19
2026-07-29,5011,2280.0,18
2026-07-29,8281,1138.0,18
2026-07-29,8706,1809.0,18
2026-07-29,3679,428.0,17
2026-07-29,6070,2435.0,17
2026-07-29,7522,977.0,17
2026-07-29,5445,1980.0,16
2026-07-29,9467,1103.0,16
2026-07-29,2749,652.0,15
2026-07-29,4331,690.0,15
2026-07-29,438A,888.0,15
2026-07-29,9692,2306.0,15
2026-07-29,3284,1269.0,14
2026-07-29,6082,999.0,14
2026-07-29,9761,2390.0,14
2026-07-29,4725,1888.0,13
2026-07-29,2831,3675.0,12
2026-07-30,5588,821.0,16
2026-07-30,3176,868.0,14
2026-07-30,7504,4115.0,12
2026-07-30,3053,188.0,11
2026-07-30,166A,1119.0,9
2026-07-30,2820,4995.0,9
2026-07-30,4299,1235.0,8
2026-07-30,4448,299.0,8
2026-07-30,5258,426.0,8
2026-07-30,5889,2488.0,8
2026-07-30,5933,1112.0,8
2026-07-30,6630,761.0,8
2026-07-30,2734,1168.0,7
2026-07-30,2993,2167.0,7
2026-07-30,4574,261.0,7
2026-07-30,4725,1864.0,7
2026-07-30,5011,2270.0,7
2026-07-30,6071,820.0,7
2026-07-30,6675,2037.0,7
2026-07-30,2664,3415.0,6
2026-07-31,9902,3085.0,16
2026-07-31,7322,1910.0,12
2026-07-31,2479,243.0,10
2026-07-31,4657,467.0,10
2026-07-31,6554,1049.0,10
2026-07-31,7426,602.0,10
2026-07-31,4418,805.0,9
2026-07-31,3067,453.0,8
2026-07-31,5038,2116.0,8
2026-07-31,5588,856.0,8
2026-07-31,6630,770.0,8
2026-07-31,9362,3550.0,8
2026-07-31,247A,862.0,7
2026-07-31,3444,930.0,7
2026-07-31,3551,1367.0,7
2026-07-31,4317,498.0,7
2026-07-31,436A,1027.0,7
2026-07-31,5951,1052.0,7
2026-07-31,6092,729.0,7
2026-07-31,7350,7350.0,7
2026-08-03,3176,985.0,17
2026-08-03,6391,4550.0,14
2026-08-03,3569,3405.0,11
2026-08-03,4393,5000.0,9
2026-08-03,4657,474.0,9
2026-08-03,5258,432.0,9
2026-08-03,378A,1060.0,8
2026-08-03,7762,2257.0,8
2026-08-03,9160,300.0,8
2026-08-03,3710,619.0,7
2026-08-03,3979,398.0,7
2026-08-03,3993,2846.0,7
2026-08-03,4118,5725.0,7
2026-08-03,460A,914.0,7
2026-08-03,477A,617.0,7
2026-08-03,5445,1956.0,7
2026-08-03,5870,802.0,7
2026-08-03,6276,308.0,7
2026-08-03,6748,727.0,7
2026-08-03,8789,131.0,7
2026-08-04,2664,3485.0,12
2026-08-04,7093,543.0,10
2026-08-04,5715,3590.0,9
2026-08-04,9346,1650.0,9
2026-08-04,6092,740.0,8
2026-08-04,3569,3360.0,7
2026-08-04,6538,246.0,7
2026-08-04,7877,2131.0,7
2026-08-04,9107,2863.0,7
2026-08-04,9362,3585.0,7
2026-08-04,5870,803.0,6
2026-08-04,7762,2358.0,6
2026-08-04,166A,1113.0,5
2026-08-04,3679,415.0,5
2026-08-04,3979,417.0,5
2026-08-04,4222,590.0,5
2026-08-04,436A,1037.0,5
2026-08-04,460A,940.0,5
2026-08-04,477A,619.0,5
2026-08-04,544A,360.0,5
2026-08-05,9346,1675.0,17
2026-08-05,5892,2213.0,16
2026-08-05,6538,259.0,16
2026-08-05,6599,3270.0,16
2026-08-05,4317,515.0,15
2026-08-05,5592,2504.0,15
2026-08-05,6092,750.0,15
2026-08-05,5715,3910.0,12
2026-08-05,500A,3090.0,11
2026-08-05,6748,743.0,11
2026-08-05,4448,305.0,10
2026-08-05,9362,3675.0,10
2026-08-05,6663,301.0,9
2026-08-05,7715,4220.0,9
2026-08-05,7762,2465.0,9
2026-08-05,9218,747.0,9
2026-08-05,9271,1032.0,9
2026-08-05,135A,3920.0,8
2026-08-05,3777,47.0,8
2026-08-05,4011,2040.0,8
2026-08-06,8789,135.0,18
2026-08-06,1724,698.0,16
2026-08-06,3933,502.0,16
2026-08-06,4448,315.0,16
2026-08-06,6276,320.0,12
2026-08-06,4317,534.0,11
2026-08-06,7350,7710.0,11
2026-08-06,7877,2177.0,10
2026-08-06,3176,1016.0,9
2026-08-06,3963,346.0,9
2026-08-06,7093,546.0,9
2026-08-06,8386,2928.0,9
2026-08-06,9346,1693.0,9
2026-08-06,291A,1799.0,8
2026-08-06,4118,5898.0,8
2026-08-06,4376,158.0,8
2026-08-06,5951,1082.0,8
2026-08-06,7611,2820.0,8
2026-08-06,8349,1474.0,8
2026-08-06,3660,435.0,7
2026-08-07,3963,364.0,18
2026-08-07,5258,449.0,17
2026-08-07,7769,3950.0,16
2026-08-07,3053,190.0,15
2026-08-07,4118,5972.0,13
2026-08-07,4657,472.0,10
2026-08-07,6092,760.0,10
2026-08-07,7343,1240.0,9
2026-08-07,2780,5200.0,8
2026-08-07,3983,2241.0,8
2026-08-07,4027,2413.0,8
2026-08-07,5587,888.0,8
2026-08-07,6036,2873.0,8
2026-08-07,7068,557.0,8
2026-08-07,8789,134.0,8
2026-08-07,9213,1039.0,8
2026-08-07,2124,926.0,7
2026-08-07,3994,5396.0,7
2026-08-07,4776,2751.0,7
2026-08-07,5038,2162.0,7
