検出日,コード,検出時終値,初動スコア,1日後株価,1日後騰落率,2日後株価,2日後騰落率,3日後株価,3日後騰落率,4日後株価,4日後騰落率,5日後株価,5日後騰落率,前営業日,前日初動スコア,スコア変化
2026-07-27,6592,1705.5,20,1648.0,-3.37,1684.0,-1.26,1672.0,-1.96,1665.0,-2.37,1649.0,-3.31,2026-07-24,3,17
2026-07-27,7343,1235.0,18,1254.0,1.54,1232.0,-0.24,1244.0,0.73,1224.0,-0.89,1240.0,0.4,2026-07-24,6,12
2026-07-27,7769,3940.0,18,3920.0,-0.51,3890.0,-1.27,3875.0,-1.65,3865.0,-1.9,3830.0,-2.79,2026-07-24,2,16
2026-07-27,4725,1848.0,17,1854.0,0.32,1888.0,2.16,1864.0,0.87,1850.0,0.11,1819.0,-1.57,2026-07-24,3,14
2026-07-27,4766,198.0,17,197.0,-0.51,196.0,-1.01,194.0,-2.02,195.0,-1.52,194.0,-2.02,2026-07-24,4,13
2026-07-27,5445,1965.0,17,1950.0,-0.76,1980.0,0.76,1965.0,0.0,1922.0,-2.19,1956.0,-0.46,2026-07-24,3,14
2026-07-27,8995,943.0,17,1093.0,15.91,969.0,2.76,887.0,-5.94,990.0,4.98,1140.0,20.89,2026-07-24,6,11
2026-07-27,2749,636.0,16,638.0,0.31,652.0,2.52,645.0,1.42,636.0,0.0,621.0,-2.36,2026-07-24,1,15
2026-07-27,3176,863.0,16,849.0,-1.62,861.0,-0.23,868.0,0.58,865.0,0.23,985.0,14.14,2026-07-24,3,13
2026-07-27,3659,2444.5,16,2488.0,1.78,2590.5,5.97,2603.0,6.48,2501.0,2.31,2416.5,-1.15,2026-07-24,3,13
2026-07-27,3660,437.0,16,435.0,-0.46,440.0,0.69,435.0,-0.46,442.0,1.14,435.0,-0.46,2026-07-24,2,14
2026-07-27,8349,1511.0,16,1490.0,-1.39,1463.0,-3.18,1434.0,-5.1,1451.0,-3.97,1457.0,-3.57,2026-07-24,3,13
2026-07-27,2488,1435.0,15,1385.0,-3.48,1386.0,-3.41,1395.0,-2.79,1410.0,-1.74,1410.0,-1.74,2026-07-24,5,10
2026-07-27,6082,996.0,15,997.0,0.1,999.0,0.3,998.0,0.2,992.0,-0.4,990.0,-0.6,2026-07-24,2,13
2026-07-27,9902,2852.0,15,2800.0,-1.82,2796.0,-1.96,2771.0,-2.84,3085.0,8.17,3075.0,7.82,2026-07-24,2,13
2026-07-27,2124,948.0,14,952.0,0.42,988.0,4.22,985.0,3.9,943.0,-0.53,930.0,-1.9,2026-07-24,6,8
2026-07-27,438A,868.0,14,848.0,-2.3,888.0,2.3,868.0,0.0,863.0,-0.58,860.0,-0.92,2026-07-24,1,13
2026-07-27,9766,19480.0,14,20140.0,3.39,22705.0,16.56,21840.0,12.11,20640.0,5.95,20490.0,5.18,2026-07-24,1,13
2026-07-27,7350,7560.0,13,7360.0,-2.65,7160.0,-5.29,7100.0,-6.08,7350.0,-2.78,7420.0,-1.85,2026-07-24,2,11
2026-07-27,2831,3650.0,12,3650.0,0.0,3675.0,0.68,3635.0,-0.41,3680.0,0.82,3640.0,-0.27,2026-07-24,3,9
2026-07-28,2910,1385.0,19,1410.0,1.81,1391.0,0.43,1370.0,-1.08,1371.0,-1.01,1346.0,-2.82,2026-07-27,6,13
2026-07-28,4776,2659.0,15,2831.0,6.47,2749.0,3.38,2695.0,1.35,2653.0,-0.23,2677.0,0.68,2026-07-27,7,8
2026-07-28,7611,2884.0,15,2984.0,3.47,2972.0,3.05,2880.0,-0.14,2846.0,-1.32,2784.0,-3.47,2026-07-27,3,12
2026-07-28,4443,1971.0,14,2051.0,4.06,2014.0,2.18,1989.0,0.91,1927.0,-2.23,1884.0,-4.41,2026-07-27,2,12
2026-07-28,3284,1256.0,12,1269.0,1.04,1265.0,0.72,1241.0,-1.19,1218.0,-3.03,1214.0,-3.34,2026-07-27,6,6
2026-07-28,5287,874.0,12,859.0,-1.72,831.0,-4.92,828.0,-5.26,830.0,-5.03,827.0,-5.38,2026-07-27,10,2
2026-07-28,3925,1254.0,11,1285.0,2.47,1273.0,1.52,1260.0,0.48,1237.0,-1.36,1237.0,-1.36,2026-07-27,12,-1
2026-07-28,5587,940.0,11,950.0,1.06,951.0,1.17,955.0,1.6,945.0,0.53,956.0,1.7,2026-07-27,12,-1
2026-07-28,9766,20140.0,10,22705.0,12.74,21840.0,8.44,20640.0,2.48,20490.0,1.74,20055.0,-0.42,2026-07-27,14,-4
2026-07-28,2124,952.0,9,988.0,3.78,985.0,3.47,943.0,-0.95,930.0,-2.31,909.0,-4.52,2026-07-27,14,-5
2026-07-28,3659,2488.0,9,2590.5,4.12,2603.0,4.62,2501.0,0.52,2416.5,-2.87,2374.0,-4.58,2026-07-27,16,-7
2026-07-28,4299,1218.0,9,1245.0,2.22,1235.0,1.4,1207.0,-0.9,1188.0,-2.46,1185.0,-2.71,2026-07-27,4,5
2026-07-28,4752,1538.0,9,1536.0,-0.13,1531.0,-0.46,1512.0,-1.69,1512.0,-1.69,1512.0,-1.69,2026-07-27,2,7
2026-07-28,6563,503.0,9,503.0,0.0,498.0,-0.99,498.0,-0.99,497.0,-1.19,497.0,-1.19,2026-07-27,12,-3
2026-07-28,6675,2034.0,9,2022.0,-0.59,2037.0,0.15,2033.0,-0.05,1977.0,-2.8,2002.0,-1.57,2026-07-27,12,-3
2026-07-28,9346,1650.0,9,1648.0,-0.12,1647.0,-0.18,1623.0,-1.64,1650.0,0.0,1650.0,0.0,2026-07-27,5,4
2026-07-28,9692,2245.06,9,2306.0,2.71,2305.0,2.67,2239.0,-0.27,2259.0,0.62,2219.0,-1.16,2026-07-27,12,-3
2026-07-28,3771,1847.0,8,1871.0,1.3,1873.0,1.41,1837.0,-0.54,1793.0,-2.92,1760.0,-4.71,2026-07-27,9,-1
2026-07-28,3970,790.0,8,780.0,-1.27,790.0,0.0,797.0,0.89,792.0,0.25,792.0,0.25,2026-07-27,3,5
2026-07-28,477A,595.0,8,587.0,-1.34,590.0,-0.84,597.0,0.34,617.0,3.7,619.0,4.03,2026-07-27,2,6
2026-07-29,3771,1871.0,19,1873.0,0.11,1837.0,-1.82,1793.0,-4.17,1760.0,-5.93,1778.0,-4.97,2026-07-28,8,11
2026-07-29,4299,1245.0,19,1235.0,-0.8,1207.0,-3.05,1188.0,-4.58,1185.0,-4.82,1189.0,-4.5,2026-07-28,9,10
2026-07-29,6630,769.0,19,761.0,-1.04,770.0,0.13,753.0,-2.08,745.0,-3.12,740.0,-3.77,2026-07-28,3,16
2026-07-29,5011,2280.0,18,2270.0,-0.44,2204.0,-3.33,2199.0,-3.55,2176.0,-4.56,2150.0,-5.7,2026-07-28,3,15
2026-07-29,8281,1138.0,18,1121.0,-1.49,1096.0,-3.69,1089.0,-4.31,1074.0,-5.62,1067.0,-6.24,2026-07-28,6,12
2026-07-29,8706,1809.0,18,1764.0,-2.49,1777.0,-1.77,1794.0,-0.83,1775.0,-1.88,1766.0,-2.38,2026-07-28,5,13
2026-07-29,3679,428.0,17,425.0,-0.7,421.0,-1.64,414.0,-3.27,415.0,-3.04,409.0,-4.44,2026-07-28,6,11
2026-07-29,6070,2435.0,17,2406.0,-1.19,2365.0,-2.87,2340.0,-3.9,2322.0,-4.64,2310.0,-5.13,2026-07-28,8,9
2026-07-29,7522,977.0,17,964.0,-1.33,944.0,-3.38,939.0,-3.89,934.0,-4.4,930.0,-4.81,2026-07-28,6,11
2026-07-29,5445,1980.0,16,1965.0,-0.76,1922.0,-2.93,1956.0,-1.21,1919.0,-3.08,1954.0,-1.31,2026-07-28,5,11
2026-07-29,9467,1103.0,16,1081.0,-1.99,1061.0,-3.81,1033.0,-6.35,1044.0,-5.35,1025.0,-7.07,2026-07-28,3,13
2026-07-29,2749,652.0,15,645.0,-1.07,636.0,-2.45,621.0,-4.75,613.0,-5.98,612.0,-6.13,2026-07-28,5,10
2026-07-29,4331,690.0,15,688.0,-0.29,680.0,-1.45,678.0,-1.74,675.0,-2.17,679.0,-1.59,2026-07-28,7,8
2026-07-29,438A,888.0,15,868.0,-2.25,863.0,-2.82,860.0,-3.15,856.0,-3.6,855.0,-3.72,2026-07-28,4,11
2026-07-29,9692,2306.0,15,2305.0,-0.04,2239.0,-2.91,2259.0,-2.04,2219.0,-3.77,2221.0,-3.69,2026-07-28,9,6
2026-07-29,3284,1269.0,14,1265.0,-0.32,1241.0,-2.21,1218.0,-4.02,1214.0,-4.33,1214.0,-4.33,2026-07-28,12,2
2026-07-29,6082,999.0,14,998.0,-0.1,992.0,-0.7,990.0,-0.9,990.0,-0.9,990.0,-0.9,2026-07-28,5,9
2026-07-29,9761,2390.0,14,2380.0,-0.42,2391.0,0.04,2351.0,-1.63,2377.0,-0.54,2378.0,-0.5,2026-07-28,3,11
2026-07-29,4725,1888.0,13,1864.0,-1.27,1850.0,-2.01,1819.0,-3.65,1794.0,-4.98,1810.0,-4.13,2026-07-28,7,6
2026-07-29,2831,3675.0,12,3635.0,-1.09,3680.0,0.14,3640.0,-0.95,3650.0,-0.68,3605.0,-1.9,2026-07-28,3,9
2026-07-30,5588,821.0,16,856.0,4.26,835.0,1.71,856.0,4.26,860.0,4.75,860.0,4.75,2026-07-29,5,11
2026-07-30,3176,868.0,14,865.0,-0.35,985.0,13.48,965.0,11.18,988.0,13.82,1016.0,17.05,2026-07-29,4,10
2026-07-30,7504,4115.0,12,4140.0,0.61,4745.0,15.31,4570.0,11.06,4500.0,9.36,4600.0,11.79,2026-07-29,6,6
2026-07-30,3053,188.0,11,186.0,-1.06,184.0,-2.13,184.0,-2.13,185.0,-1.6,188.0,0.0,2026-07-29,4,7
2026-07-30,166A,1119.0,9,1109.0,-0.89,1073.0,-4.11,1113.0,-0.54,1129.0,0.89,1135.0,1.43,2026-07-29,4,5
2026-07-30,2820,4995.0,9,4975.0,-0.4,5030.0,0.7,5030.0,0.7,5090.0,1.9,5120.0,2.5,2026-07-29,8,1
2026-07-30,4299,1235.0,8,1207.0,-2.27,1188.0,-3.81,1185.0,-4.05,1189.0,-3.72,1191.0,-3.56,2026-07-29,19,-11
2026-07-30,4448,299.0,8,301.0,0.67,295.0,-1.34,293.0,-2.01,305.0,2.01,315.0,5.35,2026-07-29,4,4
2026-07-30,5258,426.0,8,419.0,-1.64,432.0,1.41,423.0,-0.7,432.0,1.41,440.0,3.29,2026-07-29,9,-1
2026-07-30,5889,2488.0,8,2521.0,1.33,2483.0,-0.2,2452.0,-1.45,2430.0,-2.33,2461.0,-1.09,2026-07-29,10,-2
2026-07-30,5933,1112.0,8,1106.0,-0.54,1088.0,-2.16,1087.0,-2.25,1082.0,-2.7,1089.0,-2.07,2026-07-29,8,0
2026-07-30,6630,761.0,8,770.0,1.18,753.0,-1.05,745.0,-2.1,740.0,-2.76,755.0,-0.79,2026-07-29,19,-11
2026-07-30,2734,1168.0,7,1146.0,-1.88,1160.0,-0.68,1146.0,-1.88,1136.0,-2.74,1143.0,-2.14,2026-07-29,8,-1
2026-07-30,2993,2167.0,7,2131.0,-1.66,2150.0,-0.78,2130.0,-1.71,2131.0,-1.66,2131.0,-1.66,2026-07-29,0,7
2026-07-30,4574,261.0,7,253.0,-3.07,248.0,-4.98,247.0,-5.36,247.0,-5.36,248.0,-4.98,2026-07-29,1,6
2026-07-30,4725,1864.0,7,1850.0,-0.75,1819.0,-2.41,1794.0,-3.76,1810.0,-2.9,1828.0,-1.93,2026-07-29,13,-6
2026-07-30,5011,2270.0,7,2204.0,-2.91,2199.0,-3.13,2176.0,-4.14,2150.0,-5.29,2190.0,-3.52,2026-07-29,18,-11
2026-07-30,6071,820.0,7,823.0,0.37,820.0,0.0,817.0,-0.37,817.0,-0.37,818.0,-0.24,2026-07-29,4,3
2026-07-30,6675,2037.0,7,2033.0,-0.2,1977.0,-2.95,2002.0,-1.72,2040.0,0.15,2037.0,0.0,2026-07-29,4,3
2026-07-30,2664,3415.0,6,3325.0,-2.64,3290.0,-3.66,3485.0,2.05,3495.0,2.34,3610.0,5.71,2026-07-29,8,-2
2026-07-31,9902,3085.0,16,3075.0,-0.32,3070.0,-0.49,3040.0,-1.46,3100.0,0.49,3120.0,1.13,2026-07-30,2,14
2026-07-31,7322,1910.0,12,1843.0,-3.51,1810.0,-5.24,1870.0,-2.09,1920.0,0.52,1901.0,-0.47,2026-07-30,1,11
2026-07-31,2479,243.0,10,239.0,-1.65,237.0,-2.47,238.0,-2.06,236.0,-2.88,237.0,-2.47,2026-07-30,2,8
2026-07-31,4657,467.0,10,474.0,1.5,467.0,0.0,463.0,-0.86,464.0,-0.64,472.0,1.07,2026-07-30,0,10
2026-07-31,6554,1049.0,10,1052.0,0.29,1038.0,-1.05,1034.0,-1.43,1031.0,-1.72,1026.0,-2.19,2026-07-30,3,7
2026-07-31,7426,602.0,10,601.0,-0.17,600.0,-0.33,602.0,0.0,600.0,-0.33,600.0,-0.33,2026-07-30,1,9
2026-07-31,4418,805.0,9,784.0,-2.61,778.0,-3.35,785.0,-2.48,773.0,-3.98,773.0,-3.98,2026-07-30,-1,10
2026-07-31,3067,453.0,8,455.0,0.44,455.0,0.44,453.0,0.0,454.0,0.22,452.0,-0.22,2026-07-30,2,6
2026-07-31,5038,2116.0,8,2080.0,-1.7,2114.0,-0.09,2126.0,0.47,2171.0,2.6,2162.0,2.17,2026-07-30,3,5
2026-07-31,5588,856.0,8,835.0,-2.45,856.0,0.0,860.0,0.47,860.0,0.47,814.0,-4.91,2026-07-30,16,-8
2026-07-31,6630,770.0,8,753.0,-2.21,745.0,-3.25,740.0,-3.9,755.0,-1.95,758.0,-1.56,2026-07-30,8,0
2026-07-31,9362,3550.0,8,3555.0,0.14,3585.0,0.99,3675.0,3.52,3675.0,3.52,3675.0,3.52,2026-07-30,6,2
2026-07-31,247A,862.0,7,821.0,-4.76,832.0,-3.48,859.0,-0.35,847.0,-1.74,827.0,-4.06,2026-07-30,3,4
2026-07-31,3444,930.0,7,934.0,0.43,952.0,2.37,990.0,6.45,981.0,5.48,967.0,3.98,2026-07-30,0,7
2026-07-31,3551,1367.0,7,1355.0,-0.88,1345.0,-1.61,1368.0,0.07,1376.0,0.66,1395.0,2.05,2026-07-30,2,5
2026-07-31,4317,498.0,7,501.0,0.6,502.0,0.8,515.0,3.41,534.0,7.23,539.0,8.23,2026-07-30,1,6
2026-07-31,436A,1027.0,7,1035.0,0.78,1037.0,0.97,1045.0,1.75,1043.0,1.56,1037.0,0.97,2026-07-30,1,6
2026-07-31,5951,1052.0,7,1056.0,0.38,1059.0,0.67,1051.0,-0.1,1082.0,2.85,1083.0,2.95,2026-07-30,2,5
2026-07-31,6092,729.0,7,725.0,-0.55,740.0,1.51,750.0,2.88,751.0,3.02,760.0,4.25,2026-07-30,2,5
2026-07-31,7350,7350.0,7,7420.0,0.95,7420.0,0.95,7530.0,2.45,7710.0,4.9,7610.0,3.54,2026-07-30,1,6
2026-08-03,3176,985.0,17,965.0,-2.03,988.0,0.3,1016.0,3.15,1069.0,8.53,1081.0,9.75,2026-07-31,4,13
2026-08-03,6391,4550.0,14,4535.0,-0.33,4540.0,-0.22,4590.0,0.88,4500.0,-1.1,4580.0,0.66,2026-07-31,5,9
2026-08-03,3569,3405.0,11,3360.0,-1.32,3390.0,-0.44,3435.0,0.88,3430.0,0.73,3435.0,0.88,2026-07-31,3,8
2026-08-03,4393,5000.0,9,5050.0,1.0,5080.0,1.6,5140.0,2.8,5040.0,0.8,4980.0,-0.4,2026-07-31,6,3
2026-08-03,4657,474.0,9,467.0,-1.48,463.0,-2.32,464.0,-2.11,472.0,-0.42,487.0,2.74,2026-07-31,10,-1
2026-08-03,5258,432.0,9,423.0,-2.08,432.0,0.0,440.0,1.85,449.0,3.94,437.0,1.16,2026-07-31,3,6
2026-08-03,378A,1060.0,8,1043.0,-1.6,1069.0,0.85,1062.0,0.19,1058.0,-0.19,1088.0,2.64,2026-07-31,0,8
2026-08-03,7762,2257.0,8,2358.0,4.47,2465.0,9.22,2458.0,8.91,2393.0,6.03,2571.0,13.91,2026-07-31,6,2
2026-08-03,9160,300.0,8,301.0,0.33,304.0,1.33,305.0,1.67,302.0,0.67,304.0,1.33,2026-07-31,3,5
2026-08-03,3710,619.0,7,616.0,-0.48,619.0,0.0,616.0,-0.48,614.0,-0.81,613.0,-0.97,2026-07-31,2,5
2026-08-03,3979,398.0,7,417.0,4.77,410.0,3.02,407.0,2.26,399.0,0.25,412.0,3.52,2026-07-31,1,6
2026-08-03,3993,2846.0,7,2864.0,0.63,2956.0,3.87,2865.0,0.67,2861.0,0.53,2900.0,1.9,2026-07-31,2,5
2026-08-03,4118,5725.0,7,5694.0,-0.54,5772.0,0.82,5898.0,3.02,5972.0,4.31,6048.0,5.64,2026-07-31,6,1
2026-08-03,460A,914.0,7,940.0,2.84,931.0,1.86,935.0,2.3,925.0,1.2,932.0,1.97,2026-07-31,3,4
2026-08-03,477A,617.0,7,619.0,0.32,625.0,1.3,623.0,0.97,620.0,0.49,625.0,1.3,2026-07-31,4,3
2026-08-03,5445,1956.0,7,1919.0,-1.89,1954.0,-0.1,1951.0,-0.26,1955.0,-0.05,1966.0,0.51,2026-07-31,6,1
2026-08-03,5870,802.0,7,803.0,0.12,816.0,1.75,814.0,1.5,816.0,1.75,836.0,4.24,2026-07-31,4,3
2026-08-03,6276,308.0,7,305.0,-0.97,308.0,0.0,320.0,3.9,321.0,4.22,325.0,5.52,2026-07-31,3,4
2026-08-03,6748,727.0,7,727.0,0.0,743.0,2.2,744.0,2.34,754.0,3.71,754.0,3.71,2026-07-31,2,5
2026-08-03,8789,131.0,7,131.0,0.0,133.0,1.53,135.0,3.05,134.0,2.29,137.0,4.58,2026-07-31,3,4
2026-08-04,2664,3485.0,12,3495.0,0.29,3610.0,3.59,3645.0,4.59,3595.0,3.16,3620.0,3.87,2026-08-03,1,11
2026-08-04,7093,543.0,10,544.0,0.18,546.0,0.55,546.0,0.55,545.0,0.37,557.0,2.58,2026-08-03,2,8
2026-08-04,5715,3590.0,9,3910.0,8.91,3900.0,8.64,3825.0,6.55,4005.0,11.56,3980.0,10.86,2026-08-03,1,8
2026-08-04,9346,1650.0,9,1675.0,1.52,1693.0,2.61,1700.0,3.03,1715.0,3.94,1718.0,4.12,2026-08-03,4,5
2026-08-04,6092,740.0,8,750.0,1.35,751.0,1.49,760.0,2.7,763.0,3.11,767.0,3.65,2026-08-03,2,6
2026-08-04,3569,3360.0,7,3390.0,0.89,3435.0,2.23,3430.0,2.08,3435.0,2.23,3445.0,2.53,2026-08-03,11,-4
2026-08-04,6538,246.0,7,259.0,5.28,251.0,2.03,253.0,2.85,259.0,5.28,262.0,6.5,2026-08-03,5,2
2026-08-04,7877,2131.0,7,2142.0,0.52,2177.0,2.16,2164.0,1.55,2129.0,-0.09,2130.0,-0.05,2026-08-03,2,5
2026-08-04,9107,2863.0,7,2714.5,-5.19,2787.0,-2.65,2855.0,-0.28,2879.0,0.56,2871.0,0.28,2026-08-03,2,5
2026-08-04,9362,3585.0,7,3675.0,2.51,3675.0,2.51,3675.0,2.51,3615.0,0.84,3615.0,0.84,2026-08-03,2,5
2026-08-04,5870,803.0,6,816.0,1.62,814.0,1.37,816.0,1.62,836.0,4.11,825.0,2.74,2026-08-03,7,-1
2026-08-04,7762,2358.0,6,2465.0,4.54,2458.0,4.24,2393.0,1.48,2571.0,9.03,2595.0,10.05,2026-08-03,8,-2
2026-08-04,166A,1113.0,5,1129.0,1.44,1135.0,1.98,1149.0,3.23,1116.0,0.27,1117.0,0.36,2026-08-03,1,4
2026-08-04,3679,415.0,5,409.0,-1.45,415.0,0.0,419.0,0.96,418.0,0.72,423.0,1.93,2026-08-03,2,3
2026-08-04,3979,417.0,5,410.0,-1.68,407.0,-2.4,399.0,-4.32,412.0,-1.2,421.0,0.96,2026-08-03,7,-2
2026-08-04,4222,590.0,5,613.0,3.9,609.0,3.22,608.0,3.05,623.0,5.59,621.0,5.25,2026-08-03,1,4
2026-08-04,436A,1037.0,5,1045.0,0.77,1043.0,0.58,1037.0,0.0,1049.0,1.16,1058.0,2.03,2026-08-03,3,2
2026-08-04,460A,940.0,5,931.0,-0.96,935.0,-0.53,925.0,-1.6,932.0,-0.85,965.0,2.66,2026-08-03,7,-2
2026-08-04,477A,619.0,5,625.0,0.97,623.0,0.65,620.0,0.16,625.0,0.97,649.0,4.85,2026-08-03,7,-2
2026-08-04,544A,360.0,5,359.0,-0.28,360.0,0.0,361.0,0.28,358.0,-0.56,336.0,-6.67,2026-08-03,0,5
2026-08-05,9346,1675.0,17,1693.0,1.07,1700.0,1.49,1715.0,2.39,1718.0,2.57,1748.0,4.36,2026-08-04,9,8
2026-08-05,5892,2213.0,16,2226.0,0.59,2173.0,-1.81,2226.0,0.59,2205.0,-0.36,2197.0,-0.72,2026-08-04,1,15
2026-08-05,6538,259.0,16,251.0,-3.09,253.0,-2.32,259.0,0.0,262.0,1.16,264.0,1.93,2026-08-04,7,9
2026-08-05,6599,3270.0,16,3220.0,-1.53,3140.0,-3.98,3245.0,-0.76,3335.0,1.99,3445.0,5.35,2026-08-04,5,11
2026-08-05,4317,515.0,15,534.0,3.69,539.0,4.66,542.0,5.24,564.0,9.51,574.0,11.46,2026-08-04,3,12
2026-08-05,5592,2504.0,15,2479.0,-1.0,2449.0,-2.2,2540.0,1.44,2530.0,1.04,2503.0,-0.04,2026-08-04,4,11
2026-08-05,6092,750.0,15,751.0,0.13,760.0,1.33,763.0,1.73,767.0,2.27,757.0,0.93,2026-08-04,8,7
2026-08-05,5715,3910.0,12,3900.0,-0.26,3825.0,-2.17,4005.0,2.43,3980.0,1.79,4030.0,3.07,2026-08-04,9,3
2026-08-05,500A,3090.0,11,3050.0,-1.29,2971.0,-3.85,2986.0,-3.37,3065.0,-0.81,3020.0,-2.27,2026-08-04,3,8
2026-08-05,6748,743.0,11,744.0,0.13,754.0,1.48,754.0,1.48,762.0,2.56,788.0,6.06,2026-08-04,2,9
2026-08-05,4448,305.0,10,315.0,3.28,316.0,3.61,322.0,5.57,320.0,4.92,314.0,2.95,2026-08-04,2,8
2026-08-05,9362,3675.0,10,3675.0,0.0,3675.0,0.0,3615.0,-1.63,3615.0,-1.63,3615.0,-1.63,2026-08-04,7,3
2026-08-05,6663,301.0,9,295.0,-1.99,296.0,-1.66,295.0,-1.99,296.0,-1.66,305.0,1.33,2026-08-04,1,8
2026-08-05,7715,4220.0,9,4110.0,-2.61,3930.0,-6.87,3940.0,-6.64,3965.0,-6.04,4115.0,-2.49,2026-08-04,4,5
2026-08-05,7762,2465.0,9,2458.0,-0.28,2393.0,-2.92,2571.0,4.3,2595.0,5.27,2671.0,8.36,2026-08-04,6,3
2026-08-05,9218,747.0,9,750.0,0.4,752.0,0.67,753.0,0.8,756.0,1.2,756.0,1.2,2026-08-04,1,8
2026-08-05,9271,1032.0,9,1011.0,-2.03,1032.0,0.0,1025.0,-0.68,1070.0,3.68,1119.0,8.43,2026-08-04,3,6
2026-08-05,135A,3920.0,8,3925.0,0.13,3860.0,-1.53,3910.0,-0.26,3835.0,-2.17,3870.0,-1.28,2026-08-04,1,7
2026-08-05,3777,47.0,8,47.0,0.0,45.0,-4.26,46.0,-2.13,46.0,-2.13,45.0,-4.26,2026-08-04,1,7
2026-08-05,4011,2040.0,8,2059.0,0.93,2026.0,-0.69,2067.0,1.32,2144.0,5.1,2100.0,2.94,2026-08-04,2,6
2026-08-06,8789,135.0,18,134.0,-0.74,137.0,1.48,138.0,2.22,147.0,8.89,,,2026-08-05,4,14
2026-08-06,1724,698.0,16,698.0,0.0,703.0,0.72,704.0,0.86,720.0,3.15,,,2026-08-05,6,10
2026-08-06,3933,502.0,16,508.0,1.2,499.0,-0.6,506.0,0.8,504.0,0.4,509.0,1.39,2026-08-05,6,10
2026-08-06,4448,315.0,16,316.0,0.32,322.0,2.22,320.0,1.59,314.0,-0.32,326.0,3.49,2026-08-05,10,6
2026-08-06,6276,320.0,12,321.0,0.31,325.0,1.56,322.0,0.63,345.0,7.81,,,2026-08-05,2,10
2026-08-06,4317,534.0,11,539.0,0.94,542.0,1.5,564.0,5.62,574.0,7.49,,,2026-08-05,15,-4
2026-08-06,7350,7710.0,11,7610.0,-1.3,7460.0,-3.24,7560.0,-1.95,7930.0,2.85,7940.0,2.98,2026-08-05,6,5
2026-08-06,7877,2177.0,10,2164.0,-0.6,2129.0,-2.2,2130.0,-2.16,2149.0,-1.29,2136.0,-1.88,2026-08-05,2,8
2026-08-06,3176,1016.0,9,1069.0,5.22,1081.0,6.4,1068.0,5.12,1125.0,10.73,1170.0,15.16,2026-08-05,0,9
2026-08-06,3963,346.0,9,364.0,5.2,352.0,1.73,359.0,3.76,360.0,4.05,361.0,4.34,2026-08-05,2,7
2026-08-06,7093,546.0,9,546.0,0.0,545.0,-0.18,557.0,2.01,558.0,2.2,,,2026-08-05,3,6
2026-08-06,8386,2928.0,9,2872.0,-1.91,2830.0,-3.35,2904.0,-0.82,3080.0,5.19,,,2026-08-05,4,5
2026-08-06,9346,1693.0,9,1700.0,0.41,1715.0,1.3,1718.0,1.48,1748.0,3.25,1785.0,5.43,2026-08-05,17,-8
2026-08-06,291A,1799.0,8,1775.0,-1.33,1792.0,-0.39,1888.0,4.95,1815.0,0.89,2010.0,11.73,2026-08-05,2,6
2026-08-06,4118,5898.0,8,5972.0,1.25,6048.0,2.54,6099.0,3.41,6107.0,3.54,6331.0,7.34,2026-08-05,4,4
2026-08-06,4376,158.0,8,158.0,0.0,160.0,1.27,161.0,1.9,160.0,1.27,166.0,5.06,2026-08-05,2,6
2026-08-06,5951,1082.0,8,1083.0,0.09,1073.0,-0.83,1081.0,-0.09,1216.0,12.38,,,2026-08-05,1,7
2026-08-06,7611,2820.0,8,2845.0,0.89,2868.0,1.7,2869.0,1.74,2885.0,2.3,2914.0,3.33,2026-08-05,1,7
2026-08-06,8349,1474.0,8,1479.0,0.34,1461.0,-0.88,1471.0,-0.2,1505.0,2.1,1530.0,3.8,2026-08-05,3,5
2026-08-06,3660,435.0,7,438.0,0.69,441.0,1.38,445.0,2.3,437.0,0.46,517.0,18.85,2026-08-05,6,1
2026-08-07,3963,364.0,18,352.0,-3.3,359.0,-1.37,360.0,-1.1,361.0,-0.82,372.0,2.2,2026-08-06,9,9
2026-08-07,5258,449.0,17,437.0,-2.67,438.0,-2.45,438.0,-2.45,438.0,-2.45,459.0,2.23,2026-08-06,3,14
2026-08-07,7769,3950.0,16,3900.0,-1.27,3925.0,-0.63,4015.0,1.65,,,,,2026-08-06,3,13
2026-08-07,3053,190.0,15,193.0,1.58,194.0,2.11,196.0,3.16,196.0,3.16,218.0,14.74,2026-08-06,4,11
2026-08-07,4118,5972.0,13,6048.0,1.27,6099.0,2.13,6107.0,2.26,6331.0,6.01,,,2026-08-06,8,5
2026-08-07,4657,472.0,10,487.0,3.18,493.0,4.45,495.0,4.87,,,,,2026-08-06,1,9
2026-08-07,6092,760.0,10,763.0,0.39,767.0,0.92,757.0,-0.39,774.0,1.84,898.0,18.16,2026-08-06,2,8
2026-08-07,7343,1240.0,9,1255.0,1.21,1244.0,0.32,1272.0,2.58,,,,,2026-08-06,3,6
2026-08-07,2780,5200.0,8,5340.0,2.69,5500.0,5.77,5660.0,8.85,,,,,2026-08-06,1,7
2026-08-07,3983,2241.0,8,2229.0,-0.54,2245.0,0.18,2240.0,-0.04,2283.0,1.87,,,2026-08-06,6,2
2026-08-07,4027,2413.0,8,2361.0,-2.15,2339.0,-3.07,2355.0,-2.4,2399.0,-0.58,2485.0,2.98,2026-08-06,4,4
2026-08-07,5587,888.0,8,885.0,-0.34,896.0,0.9,912.0,2.7,972.0,9.46,,,2026-08-06,0,8
2026-08-07,6036,2873.0,8,2939.0,2.3,2958.0,2.96,2957.0,2.92,2958.0,2.96,3245.0,12.95,2026-08-06,7,1
2026-08-07,7068,557.0,8,557.0,0.0,569.0,2.15,568.0,1.97,575.0,3.23,,,2026-08-06,1,7
2026-08-07,8789,134.0,8,137.0,2.24,138.0,2.99,147.0,9.7,,,,,2026-08-06,18,-10
2026-08-07,9213,1039.0,8,1039.0,0.0,1039.0,0.0,1049.0,0.96,1049.0,0.96,1085.0,4.43,2026-08-06,3,5
2026-08-07,2124,926.0,7,948.0,2.38,959.0,3.56,999.0,7.88,,,,,2026-08-06,2,5
2026-08-07,3994,5396.0,7,5381.0,-0.28,5796.0,7.41,5874.0,8.86,6479.0,20.07,,,2026-08-06,5,2
2026-08-07,4776,2751.0,7,2750.0,-0.04,2811.0,2.18,2780.0,1.05,2945.0,7.05,,,2026-08-06,3,4
2026-08-07,5038,2162.0,7,2143.0,-0.88,2118.0,-2.04,2114.0,-2.22,2302.0,6.48,,,2026-08-06,6,1
