分析種別,案,スコア,n,+5%率,+10%率,+20%率,平均最大騰落率,基本スコア最大,最終スコア最大,前帯との差(+10%),前帯との差(+20%)
スコア別,A_高騰初動特化,0.0,1729,20.87912087912088,6.998264893001735,1.5037593984962405,2.9009001735106996,32.0,32.0,,
スコア別,A_高騰初動特化,1.0,2007,20.179372197309416,6.278026905829597,1.3951170901843548,2.890255904334828,32.0,32.0,,
スコア別,A_高騰初動特化,2.0,2129,18.74119304837952,5.3546265852512915,1.0803193987787694,2.7677909347111322,32.0,32.0,,
スコア別,A_高騰初動特化,3.0,1700,20.352941176470587,5.647058823529412,0.5882352941176471,2.7308269999999997,32.0,32.0,,
スコア別,A_高騰初動特化,4.0,869,22.43958573072497,6.329113924050633,1.1507479861910241,2.911233371691599,32.0,32.0,,
スコア別,A_高騰初動特化,5.0,580,20.689655172413794,6.0344827586206895,1.3793103448275863,2.8420093103448276,32.0,32.0,,
スコア別,A_高騰初動特化,6.0,663,20.96530920060332,5.88235294117647,1.5082956259426847,2.7164206636500756,32.0,32.0,,
スコア別,A_高騰初動特化,7.0,472,23.516949152542374,5.296610169491525,1.4830508474576272,3.342051906779661,32.0,32.0,,
スコア別,A_高騰初動特化,8.0,283,21.908127208480565,8.8339222614841,2.8268551236749118,3.312876325088339,32.0,32.0,,
スコア別,A_高騰初動特化,9.0,294,26.190476190476193,6.122448979591836,0.3401360544217687,2.6730870748299322,32.0,32.0,,
スコア別,A_高騰初動特化,10.0,245,25.71428571428571,8.571428571428571,1.2244897959183674,2.8534640816326533,32.0,32.0,,
スコア別,A_高騰初動特化,11.0,145,14.482758620689657,2.7586206896551726,0.0,1.4144510344827586,32.0,32.0,,
スコア別,A_高騰初動特化,12.0,198,12.626262626262626,2.0202020202020203,0.0,1.439261111111111,32.0,32.0,,
スコア別,A_高騰初動特化,13.0,116,15.517241379310345,6.896551724137931,0.8620689655172413,2.060161206896552,32.0,32.0,,
スコア別,A_高騰初動特化,14.0,61,21.311475409836063,11.475409836065573,3.278688524590164,4.6412540983606565,32.0,32.0,,
スコア別,A_高騰初動特化,15.0,82,19.51219512195122,8.536585365853659,2.4390243902439024,4.206248780487805,32.0,32.0,,
スコア別,A_高騰初動特化,16.0,73,21.91780821917808,10.95890410958904,2.73972602739726,4.487091780821918,32.0,32.0,,
スコア別,A_高騰初動特化,17.0,39,17.94871794871795,2.564102564102564,0.0,1.5791974358974359,32.0,32.0,,
スコア別,A_高騰初動特化,18.0,65,21.53846153846154,6.153846153846154,3.076923076923077,5.530589230769231,32.0,32.0,,
スコア別,A_高騰初動特化,19.0,40,30.0,15.0,0.0,2.075415,32.0,32.0,,
スコア別,A_高騰初動特化,20.0,23,30.434782608695656,8.695652173913043,0.0,3.3594173913043477,32.0,32.0,,
スコア別,A_高騰初動特化,21.0,29,17.24137931034483,13.793103448275861,3.4482758620689653,3.132855172413793,32.0,32.0,,
スコア別,A_高騰初動特化,22.0,17,29.411764705882355,11.76470588235294,5.88235294117647,3.2788470588235294,32.0,32.0,,
スコア別,A_高騰初動特化,23.0,12,33.33333333333333,25.0,16.666666666666664,9.315191666666665,32.0,32.0,,
スコア別,A_高騰初動特化,24.0,10,20.0,20.0,10.0,9.02779,32.0,32.0,,
スコア別,A_高騰初動特化,25.0,12,25.0,8.333333333333332,0.0,2.219716666666667,32.0,32.0,,
スコア帯,A_高騰初動特化,0-3,7565,19.97356245869134,6.04097818902842,1.1500330469266358,2.8223969332452086,,,,
スコア帯,A_高騰初動特化,4-7,2584,21.86532507739938,5.959752321981425,1.3544891640866874,2.9244050309597527,,,-0.08122586704699586,0.20445611716005163
スコア帯,A_高騰初動特化,8-11,967,23.061013443640125,7.0320579110651495,1.2409513960703205,2.7172964839710447,,,1.072305589083725,-0.11353776801636695
スコア帯,A_高騰初動特化,12-15,457,15.75492341356674,5.689277899343545,1.0940919037199124,2.520746827133479,,,-1.3427800117216044,-0.14685949235040807
スコア帯,A_高騰初動特化,16-19,217,22.58064516129032,8.755760368663594,1.8433179723502304,3.832494470046083,,,3.066482469320049,0.749226068630318
スコア帯,A_高騰初動特化,20-23,81,25.925925925925924,13.580246913580247,4.938271604938271,4.143729629629629,,,4.8244865449166525,3.094953632588041
スコア帯,A_高騰初動特化,24-27,36,27.77777777777778,11.11111111111111,2.7777777777777777,4.563458333333333,,,-2.469135802469136,-2.1604938271604937
スコア帯,A_高騰初動特化,28-31,16,25.0,6.25,6.25,2.1184125,,,-4.861111111111111,3.4722222222222223
スコア別,B_バランス型,0.0,1729,20.87912087912088,6.998264893001735,1.5037593984962405,2.9009001735106996,25.0,25.0,,
スコア別,B_バランス型,1.0,2025,20.049382716049383,6.222222222222222,1.3827160493827162,2.8724226666666666,25.0,25.0,,
スコア別,B_バランス型,2.0,2182,18.744271310724105,5.40788267644363,1.0540788267644363,2.768051283226398,25.0,25.0,,
スコア別,B_バランス型,3.0,1682,20.451843043995243,5.707491082045184,0.5945303210463734,2.751547621878716,25.0,25.0,,
スコア別,B_バランス型,4.0,1034,22.727272727272727,6.479690522243714,1.5473887814313347,2.9693523210831723,25.0,25.0,,
スコア別,B_バランス型,5.0,621,21.4170692431562,5.475040257648954,0.966183574879227,2.777543317230274,25.0,25.0,,
スコア別,B_バランス型,6.0,629,19.07790143084261,5.087440381558029,1.4308426073131957,2.6257775834658186,25.0,25.0,,
スコア別,B_バランス型,7.0,424,24.764150943396228,7.0754716981132075,2.5943396226415096,3.617438679245283,25.0,25.0,,
スコア別,B_バランス型,8.0,346,21.67630057803468,6.6473988439306355,0.5780346820809248,2.5687387283236993,25.0,25.0,,
スコア別,B_バランス型,9.0,348,22.701149425287355,7.471264367816093,0.8620689655172413,2.7172712643678163,25.0,25.0,,
スコア別,B_バランス型,10.0,223,18.385650224215247,4.932735426008969,0.0,1.9657672645739912,25.0,25.0,,
スコア別,B_バランス型,11.0,165,21.818181818181817,3.6363636363636362,1.8181818181818181,2.6953078787878786,25.0,25.0,,
スコア別,B_バランス型,12.0,116,11.206896551724139,5.172413793103448,1.7241379310344827,3.3307094827586208,25.0,25.0,,
スコア別,B_バランス型,13.0,74,24.324324324324326,13.513513513513514,0.0,2.173341891891892,25.0,25.0,,
スコア別,B_バランス型,14.0,78,24.358974358974358,10.256410256410255,3.8461538461538463,5.0655333333333346,25.0,25.0,,
スコア別,B_バランス型,15.0,75,18.666666666666668,6.666666666666667,1.3333333333333335,3.5042800000000005,25.0,25.0,,
スコア別,B_バランス型,16.0,44,27.27272727272727,9.090909090909092,0.0,3.0833181818181825,25.0,25.0,,
スコア別,B_バランス型,17.0,45,28.888888888888886,17.77777777777778,4.444444444444445,3.6742577777777776,25.0,25.0,,
スコア別,B_バランス型,18.0,22,27.27272727272727,13.636363636363635,9.090909090909092,5.866099999999999,25.0,25.0,,
スコア別,B_バランス型,19.0,11,9.090909090909092,9.090909090909092,9.090909090909092,5.891381818181818,25.0,25.0,,
スコア別,B_バランス型,20.0,15,33.33333333333333,20.0,0.0,4.664686666666667,25.0,25.0,,
スコア別,B_バランス型,21.0,12,50.0,8.333333333333332,0.0,3.9318916666666666,25.0,25.0,,
スコア帯,B_バランス型,0-3,7618,19.952743502231556,6.0514570753478605,1.1420320294040431,2.8223028747702807,,,,
スコア帯,B_バランス型,4-7,2708,21.89807976366322,6.019202363367799,1.55096011816839,2.9470357459379617,,,-0.03225471198006158,0.40892808876434694
スコア帯,B_バランス型,8-11,1082,21.34935304990758,6.099815157116451,0.7393715341959335,2.5115396487985215,,,0.08061279374865205,-0.8115885839724566
スコア帯,B_バランス型,12-15,343,18.658892128279884,8.454810495626822,1.749271137026239,3.513475801749271,,,2.3549953385103706,1.0098996028303056
スコア帯,B_バランス型,16-19,122,26.229508196721312,13.114754098360656,4.098360655737705,4.0562868852459015,,,4.659943602733835,2.3490895187114655
スコア帯,B_バランス型,20-23,44,29.545454545454547,11.363636363636363,2.272727272727273,3.0142636363636366,,,-1.7511177347242928,-1.8256333830104317
スコア別,C_取りこぼし防止型,0.0,1729,20.87912087912088,6.998264893001735,1.5037593984962405,2.9009001735106996,22.0,22.0,,
スコア別,C_取りこぼし防止型,1.0,2025,20.049382716049383,6.222222222222222,1.3827160493827162,2.8724226666666666,22.0,22.0,,
スコア別,C_取りこぼし防止型,2.0,2404,19.051580698835274,5.490848585690515,1.0815307820299502,2.7863115640599,22.0,22.0,,
スコア別,C_取りこぼし防止型,3.0,1653,20.084694494857835,5.323653962492438,0.6049606775559588,2.692410405323654,22.0,22.0,,
スコア別,C_取りこぼし防止型,4.0,1179,22.137404580152673,6.785411365564037,1.2722646310432568,2.92303443596268,22.0,22.0,,
スコア別,C_取りこぼし防止型,5.0,791,21.997471554993677,5.815423514538559,1.390644753476612,2.891440960809102,22.0,22.0,,
スコア別,C_取りこぼし防止型,6.0,559,22.719141323792485,6.440071556350627,2.3255813953488373,3.278414669051878,22.0,22.0,,
スコア別,C_取りこぼし防止型,7.0,411,23.357664233576642,6.81265206812652,0.48661800486618007,2.6862031630170318,22.0,22.0,,
スコア別,C_取りこぼし防止型,8.0,281,22.419928825622776,7.11743772241993,1.0676156583629894,2.6428505338078296,22.0,22.0,,
スコア別,C_取りこぼし防止型,9.0,250,17.2,2.4,0.0,1.3883752000000003,22.0,22.0,,
スコア別,C_取りこぼし防止型,10.0,163,12.883435582822086,6.134969325153374,1.8404907975460123,2.7106650306748463,22.0,22.0,,
スコア別,C_取りこぼし防止型,11.0,110,23.636363636363637,9.090909090909092,1.8181818181818181,4.443035454545454,22.0,22.0,,
スコア別,C_取りこぼし防止型,12.0,87,22.988505747126435,11.494252873563218,1.1494252873563218,2.6304229885057473,22.0,22.0,,
スコア別,C_取りこぼし防止型,13.0,91,16.483516483516482,5.4945054945054945,3.296703296703297,5.402851648351649,22.0,22.0,,
スコア別,C_取りこぼし防止型,14.0,52,32.69230769230769,13.461538461538462,0.0,3.109290384615385,22.0,22.0,,
スコア別,C_取りこぼし防止型,15.0,49,24.489795918367346,10.204081632653061,2.0408163265306123,2.471020408163265,22.0,22.0,,
スコア別,C_取りこぼし防止型,16.0,25,24.0,12.0,8.0,5.065092,22.0,22.0,,
スコア別,C_取りこぼし防止型,17.0,20,25.0,20.0,10.0,6.948859999999999,22.0,22.0,,
スコア別,C_取りこぼし防止型,18.0,17,17.647058823529413,5.88235294117647,0.0,1.8804411764705884,22.0,22.0,,
スコア別,C_取りこぼし防止型,19.0,10,50.0,10.0,0.0,4.29972,22.0,22.0,,
スコア別,C_取りこぼし防止型,20.0,12,25.0,8.333333333333332,8.333333333333332,1.9433,22.0,22.0,,
スコア帯,C_取りこぼし防止型,0-3,7811,19.933427218025862,5.978747919600563,1.1522212264754832,2.8141287543208295,,,,
スコア帯,C_取りこぼし防止型,4-7,2940,22.380952380952383,6.462585034013606,1.3945578231292517,2.9489968367346937,,,0.4838371144130429,0.2423365966537685
スコア帯,C_取りこぼし防止型,8-11,804,19.029850746268657,5.721393034825871,0.9950248756218906,2.512819776119403,,,-0.7411919991877349,-0.3995329475073611
スコア帯,C_取りこぼし防止型,12-15,279,22.939068100358423,9.67741935483871,1.7921146953405016,3.595947670250896,,,3.956026320012839,0.797089819718611
スコア帯,C_取りこぼし防止型,16-19,72,26.38888888888889,12.5,5.555555555555555,4.730127777777778,,,2.82258064516129,3.763440860215054
スコア帯,C_取りこぼし防止型,20-23,19,26.31578947368421,5.263157894736842,5.263157894736842,2.49481052631579,,,-7.236842105263158,-0.29239766081871377
