条件数,条件組み合わせ,件数,構成比,+5%率,+10%率,+20%率,+5%差,+10%差,+20%差,平均最大騰落率
2,前日比+3%以上 + 前日比+5%以上,391,3.2785510649002183,32.48081841432225,14.066496163682865,5.626598465473146,11.887157505383797,7.861565759523885,4.377227343554648,4.679874168797954
2,前日比+3%以上 + 出来高2倍以上,121,1.0145899714908602,29.75206611570248,11.570247933884298,5.785123966942149,9.158405206764026,5.365317529725318,4.5357528450236515,4.032370247933885
2,前日比+3%以上 + 出来高3倍以上,32,0.26832131477444243,40.625,18.75,12.5,20.031339091061547,12.54506959584102,11.250628878081503,7.987709375
2,前日比+3%以上 + ブレイク,264,2.21365084688915,26.89393939393939,9.848484848484848,4.545454545454546,6.300278485000938,3.6435544443258676,3.2960834235360483,5.09624659090909
2,前日比+3%以上 + 30日高値更新,267,2.2388059701492535,28.46441947565543,10.112359550561797,4.868913857677903,7.870758566716976,3.9074291464028166,3.6195427357594054,5.686766292134831
2,前日比+3%以上 + MACD GC,123,1.0313600536642629,26.01626016260163,6.504065040650407,0.8130081300813009,5.422599253663176,0.29913463649142713,-0.4363629918371964,2.5915203252032524
2,前日比+5%以上 + 出来高2倍以上,82,0.6875733691095087,29.268292682926827,13.414634146341465,7.317073170731707,8.674631773988374,7.2097037421824846,6.067702048813209,4.291417073170732
2,前日比+5%以上 + 出来高3倍以上,26,0.21801106825423444,38.46153846153847,15.384615384615385,11.538461538461538,17.867877552600014,9.179684980456404,10.289090416543042,7.528796153846155
2,前日比+5%以上 + ブレイク,139,1.165520711051484,34.53237410071942,16.546762589928058,8.633093525179856,13.93871319178097,10.341832185769078,7.383722403261358,7.87051582733813
2,前日比+5%以上 + 30日高値更新,136,1.14036558779138,34.55882352941176,16.176470588235293,8.823529411764707,13.965162620473308,9.971540184076314,7.574158289846209,7.903644852941177
2,前日比+5%以上 + MACD GC,58,0.4863323830286768,29.310344827586203,8.620689655172415,0.0,8.71668391864775,2.4157592510134345,-1.2493711219184973,2.5282586206896553
2,出来高2倍以上 + 出来高3倍以上,104,0.8720442730169378,17.307692307692307,7.6923076923076925,4.807692307692308,-3.2859686012461466,1.4873772881487124,3.558321185773811,3.4435413461538458
2,出来高2倍以上 + ブレイク,86,0.7211135334563139,25.581395348837212,11.627906976744185,6.976744186046512,4.987734439898759,5.422976572585205,5.727373064128014,4.251138372093024
2,出来高2倍以上 + 30日高値更新,124,1.0397450947509643,22.58064516129032,10.483870967741936,4.838709677419355,1.986984252351867,4.278940563582956,3.5893385555008575,3.60816935483871
2,出来高2倍以上 + MACD GC,43,0.36055676672815695,27.906976744186046,4.651162790697675,0.0,7.313315835247593,-1.5537676134613054,-1.2493711219184973,2.6418930232558138
2,出来高3倍以上 + ブレイク,23,0.19285594499413047,30.434782608695656,13.043478260869565,13.043478260869565,9.841121699757203,6.838547856710584,11.794107138951068,7.020973913043478
2,出来高3倍以上 + 30日高値更新,27,0.22639610934093576,29.629629629629626,14.814814814814813,11.11111111111111,9.035968720691173,8.609884410655834,9.861739989192614,7.215177777777779
2,出来高3倍以上 + MACD GC,14,0.11739057521381856,35.714285714285715,7.142857142857142,0.0,15.120624805347262,0.9379267386981622,-1.2493711219184973,3.5761857142857143
2,ブレイク + 30日高値更新,553,4.636927720945833,18.083182640144667,6.6907775768535265,2.1699819168173597,-2.5104782687937863,0.48584717269454636,0.9206107948988624,3.324780108499096
2,ブレイク + MACD GC,42,0.35217172564145566,30.952380952380953,9.523809523809524,0.0,10.3587200434425,3.3188791196505436,-1.2493711219184973,3.5193976190476186
2,30日高値更新 + MACD GC,58,0.4863323830286768,36.206896551724135,12.068965517241379,1.7241379310344827,15.613235642785682,5.864035113082399,0.47476680911598534,4.496368965517242
3,前日比+3%以上 + 前日比+5%以上 + 出来高2倍以上,82,0.6875733691095087,29.268292682926827,13.414634146341465,7.317073170731707,8.674631773988374,7.2097037421824846,6.067702048813209,4.291417073170732
3,前日比+3%以上 + 前日比+5%以上 + 出来高3倍以上,26,0.21801106825423444,38.46153846153847,15.384615384615385,11.538461538461538,17.867877552600014,9.179684980456404,10.289090416543042,7.528796153846155
3,前日比+3%以上 + 前日比+5%以上 + ブレイク,139,1.165520711051484,34.53237410071942,16.546762589928058,8.633093525179856,13.93871319178097,10.341832185769078,7.383722403261358,7.87051582733813
3,前日比+3%以上 + 前日比+5%以上 + 30日高値更新,136,1.14036558779138,34.55882352941176,16.176470588235293,8.823529411764707,13.965162620473308,9.971540184076314,7.574158289846209,7.903644852941177
3,前日比+3%以上 + 前日比+5%以上 + MACD GC,58,0.4863323830286768,29.310344827586203,8.620689655172415,0.0,8.71668391864775,2.4157592510134345,-1.2493711219184973,2.5282586206896553
3,前日比+3%以上 + 出来高2倍以上 + 出来高3倍以上,32,0.26832131477444243,40.625,18.75,12.5,20.031339091061547,12.54506959584102,11.250628878081503,7.987709375
3,前日比+3%以上 + 出来高2倍以上 + ブレイク,60,0.5031024652020796,30.0,13.333333333333334,10.0,9.406339091061547,7.128402929174354,8.750628878081503,5.206448333333333
3,前日比+3%以上 + 出来高2倍以上 + 30日高値更新,67,0.5617977528089888,29.850746268656714,13.432835820895523,8.955223880597014,9.25708535971826,7.227905416736543,7.705852758678517,5.184147761194029
3,前日比+3%以上 + 出来高2倍以上 + MACD GC,28,0.23478115042763711,39.285714285714285,7.142857142857142,0.0,18.69205337677583,0.9379267386981622,-1.2493711219184973,3.8838642857142855
3,前日比+3%以上 + 出来高3倍以上 + ブレイク,15,0.1257756163005199,46.666666666666664,20.0,20.0,26.07300575772821,13.79506959584102,18.750628878081503,10.969133333333335
3,前日比+3%以上 + 出来高3倍以上 + 30日高値更新,16,0.13416065738722122,43.75,18.75,18.75,23.156339091061547,12.54506959584102,17.500628878081503,10.78046875
3,前日比+3%以上 + ブレイク + 30日高値更新,222,1.861479121247694,27.927927927927925,10.81081081081081,5.405405405405405,7.334267018989472,4.60588040665183,4.156034283486908,5.512898198198198
3,前日比+3%以上 + ブレイク + MACD GC,26,0.21801106825423444,30.76923076923077,3.8461538461538463,0.0,10.175569860292317,-2.358776558005134,-1.2493711219184973,3.4278076923076926
3,前日比+3%以上 + 30日高値更新 + MACD GC,31,0.2599362736877411,29.03225806451613,3.225806451612903,0.0,8.438597155577678,-2.979123952546077,-1.2493711219184973,3.436529032258065
3,前日比+5%以上 + 出来高2倍以上 + 出来高3倍以上,26,0.21801106825423444,38.46153846153847,15.384615384615385,11.538461538461538,17.867877552600014,9.179684980456404,10.289090416543042,7.528796153846155
3,前日比+5%以上 + 出来高2倍以上 + ブレイク,45,0.3773268489015596,37.77777777777778,17.77777777777778,13.333333333333334,17.184116868839325,11.5728473736188,12.083962211414837,6.65752
3,前日比+5%以上 + 出来高2倍以上 + 30日高値更新,48,0.4024819721616636,35.41666666666667,18.75,12.5,14.823005757728218,12.54506959584102,11.250628878081503,6.517614583333334
3,前日比+5%以上 + 出来高2倍以上 + MACD GC,23,0.19285594499413047,43.47826086956522,8.695652173913043,0.0,22.884599960626765,2.490721769754063,-1.2493711219184973,4.041278260869566
3,前日比+5%以上 + 出来高3倍以上 + ブレイク,14,0.11739057521381856,50.0,21.428571428571427,21.428571428571427,29.406339091061547,15.223641024412448,20.17920030665293,11.472342857142861
3,前日比+5%以上 + 出来高3倍以上 + 30日高値更新,13,0.10900553412711722,46.15384615384615,23.076923076923077,23.076923076923077,25.5601852449077,16.871992672764097,21.82755195500458,11.920746153846153
3,前日比+5%以上 + ブレイク + 30日高値更新,120,1.0062049304041591,34.166666666666664,17.5,10.0,13.573005757728211,11.29506959584102,8.750628878081503,8.503657500000001
3,前日比+5%以上 + ブレイク + MACD GC,21,0.17608586282072783,33.33333333333333,4.761904761904762,0.0,12.739672424394875,-1.4430256422542183,-1.2493711219184973,3.6365809523809522
3,前日比+5%以上 + 30日高値更新 + MACD GC,24,0.2012409860808318,33.33333333333333,4.166666666666666,0.0,12.739672424394875,-2.038263737492314,-1.2493711219184973,3.686366666666667
3,出来高2倍以上 + 出来高3倍以上 + ブレイク,23,0.19285594499413047,30.434782608695656,13.043478260869565,13.043478260869565,9.841121699757203,6.838547856710584,11.794107138951068,7.020973913043478
3,出来高2倍以上 + 出来高3倍以上 + 30日高値更新,27,0.22639610934093576,29.629629629629626,14.814814814814813,11.11111111111111,9.035968720691173,8.609884410655834,9.861739989192614,7.215177777777779
3,出来高2倍以上 + 出来高3倍以上 + MACD GC,14,0.11739057521381856,35.714285714285715,7.142857142857142,0.0,15.120624805347262,0.9379267386981622,-1.2493711219184973,3.5761857142857143
3,出来高2倍以上 + ブレイク + 30日高値更新,78,0.6540332047627033,24.358974358974358,12.82051282051282,7.6923076923076925,3.7653134500359045,6.615582416353839,6.442936570389195,4.423473076923077
3,出来高2倍以上 + ブレイク + MACD GC,17,0.1425456984739225,35.294117647058826,5.88235294117647,0.0,14.700456738120373,-0.32257746298251,-1.2493711219184973,3.689352941176471
3,出来高2倍以上 + 30日高値更新 + MACD GC,24,0.2012409860808318,29.166666666666668,4.166666666666666,0.0,8.573005757728215,-2.038263737492314,-1.2493711219184973,3.553675
3,出来高3倍以上 + ブレイク + 30日高値更新,20,0.1677008217340265,25.0,15.0,15.0,4.406339091061547,8.79506959584102,13.750628878081503,7.464404999999999
3,ブレイク + 30日高値更新 + MACD GC,38,0.3186315612946503,28.947368421052634,10.526315789473683,0.0,8.35370751211418,4.321385385314703,-1.2493711219184973,3.449118421052632
4,前日比+3%以上 + 前日比+5%以上 + 出来高2倍以上 + 出来高3倍以上,26,0.21801106825423444,38.46153846153847,15.384615384615385,11.538461538461538,17.867877552600014,9.179684980456404,10.289090416543042,7.528796153846155
4,前日比+3%以上 + 前日比+5%以上 + 出来高2倍以上 + ブレイク,45,0.3773268489015596,37.77777777777778,17.77777777777778,13.333333333333334,17.184116868839325,11.5728473736188,12.083962211414837,6.65752
4,前日比+3%以上 + 前日比+5%以上 + 出来高2倍以上 + 30日高値更新,48,0.4024819721616636,35.41666666666667,18.75,12.5,14.823005757728218,12.54506959584102,11.250628878081503,6.517614583333334
4,前日比+3%以上 + 前日比+5%以上 + 出来高2倍以上 + MACD GC,23,0.19285594499413047,43.47826086956522,8.695652173913043,0.0,22.884599960626765,2.490721769754063,-1.2493711219184973,4.041278260869566
4,前日比+3%以上 + 前日比+5%以上 + 出来高3倍以上 + ブレイク,14,0.11739057521381856,50.0,21.428571428571427,21.428571428571427,29.406339091061547,15.223641024412448,20.17920030665293,11.472342857142861
4,前日比+3%以上 + 前日比+5%以上 + 出来高3倍以上 + 30日高値更新,13,0.10900553412711722,46.15384615384615,23.076923076923077,23.076923076923077,25.5601852449077,16.871992672764097,21.82755195500458,11.920746153846153
4,前日比+3%以上 + 前日比+5%以上 + ブレイク + 30日高値更新,120,1.0062049304041591,34.166666666666664,17.5,10.0,13.573005757728211,11.29506959584102,8.750628878081503,8.503657500000001
4,前日比+3%以上 + 前日比+5%以上 + ブレイク + MACD GC,21,0.17608586282072783,33.33333333333333,4.761904761904762,0.0,12.739672424394875,-1.4430256422542183,-1.2493711219184973,3.6365809523809522
4,前日比+3%以上 + 前日比+5%以上 + 30日高値更新 + MACD GC,24,0.2012409860808318,33.33333333333333,4.166666666666666,0.0,12.739672424394875,-2.038263737492314,-1.2493711219184973,3.686366666666667
4,前日比+3%以上 + 出来高2倍以上 + 出来高3倍以上 + ブレイク,15,0.1257756163005199,46.666666666666664,20.0,20.0,26.07300575772821,13.79506959584102,18.750628878081503,10.969133333333335
4,前日比+3%以上 + 出来高2倍以上 + 出来高3倍以上 + 30日高値更新,16,0.13416065738722122,43.75,18.75,18.75,23.156339091061547,12.54506959584102,17.500628878081503,10.78046875
4,前日比+3%以上 + 出来高2倍以上 + ブレイク + 30日高値更新,54,0.45279221868187153,27.77777777777778,14.814814814814813,11.11111111111111,7.184116868839325,8.609884410655834,9.861739989192614,5.387246296296297
4,前日比+3%以上 + 出来高2倍以上 + ブレイク + MACD GC,14,0.11739057521381856,42.857142857142854,7.142857142857142,0.0,22.2634819482044,0.9379267386981622,-1.2493711219184973,4.473292857142857
4,前日比+3%以上 + 出来高2倍以上 + 30日高値更新 + MACD GC,17,0.1425456984739225,35.294117647058826,5.88235294117647,0.0,14.700456738120373,-0.32257746298251,-1.2493711219184973,4.434247058823529
4,前日比+3%以上 + 出来高3倍以上 + ブレイク + 30日高値更新,13,0.10900553412711722,38.46153846153847,23.076923076923077,23.076923076923077,17.867877552600014,16.871992672764097,21.82755195500458,11.630538461538466
4,前日比+3%以上 + ブレイク + 30日高値更新 + MACD GC,23,0.19285594499413047,26.08695652173913,4.3478260869565215,0.0,5.493295612800676,-1.8571043172024586,-1.2493711219184973,3.1568869565217397
4,前日比+5%以上 + 出来高2倍以上 + 出来高3倍以上 + ブレイク,14,0.11739057521381856,50.0,21.428571428571427,21.428571428571427,29.406339091061547,15.223641024412448,20.17920030665293,11.472342857142861
4,前日比+5%以上 + 出来高2倍以上 + 出来高3倍以上 + 30日高値更新,13,0.10900553412711722,46.15384615384615,23.076923076923077,23.076923076923077,25.5601852449077,16.871992672764097,21.82755195500458,11.920746153846153
4,前日比+5%以上 + 出来高2倍以上 + ブレイク + 30日高値更新,41,0.34378668455475436,34.146341463414636,19.51219512195122,14.634146341463413,13.552680554476183,13.30726471779224,13.384775219544917,6.824451219512194
4,前日比+5%以上 + 出来高2倍以上 + ブレイク + MACD GC,12,0.1006204930404159,50.0,8.333333333333332,0.0,29.406339091061547,2.128402929174352,-1.2493711219184973,4.835541666666667
4,前日比+5%以上 + 出来高2倍以上 + 30日高値更新 + MACD GC,14,0.11739057521381856,42.857142857142854,7.142857142857142,0.0,22.2634819482044,0.9379267386981622,-1.2493711219184973,4.778807142857143
4,前日比+5%以上 + 出来高3倍以上 + ブレイク + 30日高値更新,12,0.1006204930404159,41.66666666666667,25.0,25.0,21.073005757728218,18.79506959584102,23.750628878081503,12.272733333333335
4,前日比+5%以上 + ブレイク + 30日高値更新 + MACD GC,18,0.15093073956062383,27.77777777777778,5.555555555555555,0.0,7.184116868839325,-0.6493748486034248,-1.2493711219184973,3.3252000000000006
4,出来高2倍以上 + 出来高3倍以上 + ブレイク + 30日高値更新,20,0.1677008217340265,25.0,15.0,15.0,4.406339091061547,8.79506959584102,13.750628878081503,7.464404999999999
4,出来高2倍以上 + ブレイク + 30日高値更新 + MACD GC,15,0.1257756163005199,26.666666666666668,6.666666666666667,0.0,6.073005757728215,0.46173626250768685,-1.2493711219184973,3.2919333333333336
