分析区分,値,件数,構成比,+5%率,+10%率,+20%率,平均最大騰落率
最終スコア,-3.0,7.0,0.05869528760690928,42.857142857142854,14.285714285714285,0.0,4.264357142857143
最終スコア,-2.0,30.0,0.2515512326010398,33.33333333333333,3.3333333333333335,0.0,2.988576666666667
最終スコア,-1.0,70.0,0.5869528760690927,20.0,2.857142857142857,0.0,2.179817142857143
最終スコア,0.0,10393.0,87.14573201408687,20.6581352833638,6.1098816511113245,1.1353795824112385,2.8377862792264024
最終スコア,1.0,594.0,4.980714405500588,17.17171717171717,5.05050505050505,1.1784511784511784,2.761282491582491
最終スコア,2.0,430.0,3.6055676672815693,12.093023255813954,3.7209302325581395,0.46511627906976744,1.8888716279069766
最終スコア,3.0,240.0,2.0124098608083183,32.083333333333336,14.166666666666666,5.416666666666667,3.6025408333333333
最終スコア,4.0,51.0,0.4276370954217676,33.33333333333333,15.686274509803921,7.8431372549019605,9.866335294117647
最終スコア,5.0,98.0,0.8217340264967298,28.57142857142857,12.244897959183673,4.081632653061225,4.368751020408164
最終スコア,7.0,9.0,0.07546536978031192,22.22222222222222,11.11111111111111,11.11111111111111,2.0651333333333333
閾値以上,7.0,9.0,0.07546536978031192,22.22222222222222,11.11111111111111,11.11111111111111,2.0651333333333333
閾値以上,6.0,13.0,0.10900553412711722,46.15384615384615,7.6923076923076925,7.6923076923076925,3.7976384615384613
閾値以上,5.0,111.0,0.930739560623847,30.630630630630627,11.711711711711711,4.504504504504505,4.301863963963965
閾値以上,4.0,162.0,1.3583766560456145,31.48148148148148,12.962962962962962,5.555555555555555,6.053641975308643
閾値以上,3.0,402.0,3.3707865168539324,31.8407960199005,13.681592039800993,5.472636815920398,4.590298009950248
閾値以上,2.0,832.0,6.976354184135502,21.634615384615387,8.533653846153847,2.8846153846153846,3.1941281249999998
閾値以上,1.0,1426.0,11.95706858963609,19.775596072931275,7.082748948106592,2.1739130434782608,3.01382636746143
コアスコア,0.0,10422.0,87.38889820560121,20.65822298982921,6.102475532527346,1.132220303204759,2.836790251391288
コアスコア,1.0,610.0,5.114875062887808,17.868852459016395,4.754098360655737,1.1475409836065573,2.7697321311475407
コアスコア,2.0,488.0,4.0919000503102465,13.319672131147541,3.8934426229508197,0.4098360655737705,1.9258901639344261
コアスコア,3.0,232.0,1.9453295321147073,31.46551724137931,13.36206896551724,4.310344827586207,2.976777586206897
コアスコア,4.0,40.0,0.335401643468053,25.0,7.5,0.0,2.7249499999999998
コアスコア,5.0,119.0,0.9978198893174577,31.932773109243694,15.966386554621847,7.563025210084033,7.568110084033613
コアスコア,7.0,12.0,0.1006204930404159,41.66666666666667,25.0,25.0,12.272733333333335
