分析,条件,キー,配点,件数,+5%率,+10%率,+20%率,平均最大騰落率,+10%差,+20%差,あり件数,なし件数,あり+10%率,なし+10%率,あり+20%率,なし+20%率,あり平均最大,なし平均最大,平均最大差,スコア帯,帯件数,条件成立件数,条件成立率,条件1,条件2,配点1,配点2,+10%差_1点あたり,+20%差_1点あたり,区分,減点
単独条件,前日比+5%以上,ChangePercent_5,5.0,391.0,32.48081841432225,14.066496163682865,5.626598465473146,4.679874168797954,7.861565759523885,4.377227343554648,,,,,,,,,,,,,,,,,,,,,
単独条件,前日比+3%以上,ChangePercent_3,3.0,994.0,28.06841046277666,9.557344064386317,2.9175050301810868,3.649963078470825,3.352413660227337,1.6681339082625894,,,,,,,,,,,,,,,,,,,,,
単独条件,前日比+1%以上,ChangePercent_1,1.0,3157.0,23.725055432372503,7.570478302185619,1.4887551472917326,3.1267439657903076,1.3655478980266391,0.23938402537323533,,,,,,,,,,,,,,,,,,,,,
単独条件,出来高3倍以上,VolumeRatio_3,4.0,104.0,17.307692307692307,7.6923076923076925,4.807692307692308,3.4435413461538458,1.4873772881487124,3.558321185773811,,,,,,,,,,,,,,,,,,,,,
単独条件,出来高2倍以上,VolumeRatio_2,2.0,546.0,19.963369963369964,6.41025641025641,2.564102564102564,2.7349456043956044,0.20532600609742957,1.3147314421840666,,,,,,,,,,,,,,,,,,,,,
単独条件,出来高1.5倍以上,VolumeRatio_1.5,1.0,1483.0,19.420094403236682,6.068779501011464,1.8206338503034392,2.799558327714093,-0.13615090314751654,0.5712627283849419,,,,,,,,,,,,,,,,,,,,,
単独条件,出来高増加3日,VolumeIncreaseDays_3,3.0,1022.0,22.309197651663403,7.338551859099804,0.5870841487279843,2.7377271037181994,1.1336214549408234,-0.662286973190513,,,,,,,,,,,,,,,,,,,,,
単独条件,出来高増加2日,VolumeIncreaseDays_2,2.0,2272.0,20.774647887323944,6.205985915492958,0.8802816901408451,2.712961971830986,0.0010555113339778543,-0.3690894317776522,,,,,,,,,,,,,,,,,,,,,
単独条件,出来高増加1日,VolumeIncreaseDays_1,1.0,4769.0,20.86391276997274,6.185783183057245,1.2790941497169217,2.782723254351017,-0.01914722110173539,0.029723027798424395,,,,,,,,,,,,,,,,,,,,,
単独条件,ブレイク,BreakoutSignal,2.0,675.0,17.037037037037038,6.222222222222222,1.7777777777777777,3.1205260740740743,0.017291818063242204,0.5284066558592804,,,,,,,,,,,,,,,,,,,,,
単独条件,ブレイク初日,BreakoutFirstDay,2.0,453.0,16.99779249448124,5.960264900662252,1.1037527593818985,2.7345311258278144,-0.24466550349672822,-0.14561836253659877,,,,,,,,,,,,,,,,,,,,,
単独条件,30日高値更新,New30High,2.0,1083.0,19.298245614035086,6.001846722068329,1.7543859649122806,3.1625918744228994,-0.20308368209065097,0.5050148429937833,,,,,,,,,,,,,,,,,,,,,
単独条件,MA5上,AboveMA5,1.0,5997.0,20.393530098382527,5.91962647990662,1.0505252626313157,2.7946997498749373,-0.28530392425235984,-0.19884585928718157,,,,,,,,,,,,,,,,,,,,,
単独条件,MA25上,AboveMA25,1.0,6041.0,19.682171825856646,5.6282072504552225,1.0097665949346135,2.830798228770071,-0.5767231537037576,-0.2396045269838838,,,,,,,,,,,,,,,,,,,,,
単独条件,MA75上,AboveMA75,1.0,5299.0,21.739950934138516,6.152104170598227,1.019060200037743,2.966094829213059,-0.052826233560753444,-0.23031092188075442,,,,,,,,,,,,,,,,,,,,,
単独条件,MACD GC,MACD_GC,2.0,476.0,22.478991596638657,6.722689075630252,0.42016806722689076,2.6706073529411767,0.5177586714712721,-0.8292030546916065,,,,,,,,,,,,,,,,,,,,,
ありなし比較,前日比+5%以上,ChangePercent_5,5.0,,,,,,8.128047962555861,4.525601499716752,391.0,11535.0,14.066496163682865,5.938448201127005,5.626598465473146,1.1009969657563936,4.679874168797954,2.79437307325531,1.8855010955426441,,,,,,,,,,,,
ありなし比較,前日比+3%以上,ChangePercent_3,3.0,,,,,,3.657234294902234,1.8198101893468386,994.0,10932.0,9.557344064386317,5.900109769484083,2.9175050301810868,1.0976948408342482,3.649963078470825,2.784015815953165,0.8659472625176599,,,,,,,,,,,,
ありなし比較,前日比+1%以上,ChangePercent_1,1.0,,,,,,1.857170057231805,0.3255666423310757,3157.0,8769.0,7.570478302185619,5.713308244953814,1.4887551472917326,1.163188504960657,3.1267439657903076,2.758785893488425,0.3679580723018825,,,,,,,,,,,,
ありなし比較,出来高3倍以上,VolumeRatio_3,4.0,,,,,,1.5004619809221396,3.5896242988951506,104.0,11822.0,7.6923076923076925,6.191845711385553,4.807692307692308,1.2180680087971578,3.4435413461538458,2.8510231686685836,0.5925181774852621,,,,,,,,,,,,
ありなし比較,出来高2倍以上,VolumeRatio_2,2.0,,,,,,0.21517732414041735,1.377810824208012,546.0,11380.0,6.41025641025641,6.195079086115992,2.564102564102564,1.1862917398945518,2.7349456043956044,2.8620073725834794,-0.12706176818787496,,,,,,,,,,,,
ありなし比較,出来高1.5倍以上,VolumeRatio_1.5,1.0,,,,,,-0.15548555692208055,0.6523871778912971,1483.0,10443.0,6.068779501011464,6.224265057933544,1.8206338503034392,1.168246672412142,2.799558327714093,2.8642324236330556,-0.06467409591896267,,,,,,,,,,,,
ありなし比較,出来高増加3日,VolumeIncreaseDays_3,3.0,,,,,,1.2398724753874042,-0.7243611924312232,1022.0,10904.0,7.338551859099804,6.098679383712399,0.5870841487279843,1.3114453411592075,2.7377271037181994,2.8672933877476154,-0.12956628402941606,,,,,,,,,,,,
ありなし比較,出来高増加2日,VolumeIncreaseDays_2,2.0,,,,,,0.0013039183933098997,-0.4559519953781107,2272.0,9654.0,6.205985915492958,6.204681997099648,0.8802816901408451,1.3362336855189558,2.712961971830986,2.8898979283198676,-0.17693595648888172,,,,,,,,,,,,
ありなし比較,出来高増加1日,VolumeIncreaseDays_1,1.0,,,,,,-0.03190579277061545,0.04952868932849075,4769.0,7157.0,6.185783183057245,6.21768897582786,1.2790941497169217,1.229565460388431,2.782723254351017,2.9051441944948997,-0.12242094014388272,,,,,,,,,,,,
ありなし比較,ブレイク,BreakoutSignal,2.0,,,,,,0.018329234932203065,0.5601082372924875,675.0,11251.0,6.222222222222222,6.203892987290019,1.7777777777777777,1.2176695404852902,3.1205260740740743,2.8403314460936806,0.28019462798039374,,,,,,,,,,,,
ありなし比較,ブレイク初日,BreakoutFirstDay,2.0,,,,,,-0.2543258776869157,-0.15136795882606813,453.0,11473.0,5.960264900662252,6.214590778349168,1.1037527593818985,1.2551207182079667,2.7345311258278144,2.860993776693106,-0.12646265086529151,,,,,,,,,,,,
ありなし比較,30日高値更新,New30High,2.0,,,,,,-0.22336770198405453,0.5554557795392288,1083.0,10843.0,6.001846722068329,6.225214424052384,1.7543859649122806,1.1989301853730518,3.1625918744228994,2.8255867564327217,0.3370051179901776,,,,,,,,,,,,
ありなし比較,MA5上,AboveMA5,1.0,,,,,,-0.5738800135998723,-0.3999722917623425,5997.0,5929.0,5.91962647990662,6.493506493506493,1.0505252626313157,1.4504975543936582,2.7946997498749373,2.9183858660819695,-0.12368611620703218,,,,,,,,,,,,
ありなし比較,MA25上,AboveMA25,1.0,,,,,,-1.1687341259254067,-0.48556050786912497,6041.0,5885.0,5.6282072504552225,6.796941376380629,1.0097665949346135,1.4953271028037385,2.830798228770071,2.882255242141037,-0.051457013370965754,,,,,,,,,,,,
ありなし比較,MA75上,AboveMA75,1.0,,,,,,-0.09506649486125696,-0.41446930049039943,5299.0,6627.0,6.152104170598227,6.247170665459484,1.019060200037743,1.4335295005281423,2.966094829213059,2.768309597102761,0.1977852321102982,,,,,,,,,,,,
ありなし比較,MACD GC,MACD_GC,2.0,,,,,,0.5392829620931341,-0.8636747275329344,476.0,11450.0,6.722689075630252,6.183406113537118,0.42016806722689076,1.2838427947598252,2.6706073529411767,2.863905248908297,-0.19329789596712033,,,,,,,,,,,,
スコア帯実績,,,,10177.0,20.300677999410436,5.984081752972389,1.1889554878647932,2.8323867839245356,,,,,,,,,,,,0-7,,,,,,,,,,,
スコア帯実績,,,,1045.0,20.95693779904306,6.124401913875598,1.0526315789473684,2.6248099521531105,,,,,,,,,,,,8-11,,,,,,,,,,,
スコア帯実績,,,,387.0,21.44702842377261,7.751937984496124,1.03359173126615,2.290320413436693,,,,,,,,,,,,12-15,,,,,,,,,,,
スコア帯実績,,,,192.0,28.125,10.9375,3.6458333333333335,5.719443229166667,,,,,,,,,,,,16-19,,,,,,,,,,,
スコア帯実績,,,,76.0,23.684210526315788,13.157894736842104,3.9473684210526314,3.3057592105263156,,,,,,,,,,,,20-23,,,,,,,,,,,
スコア帯実績,,,,49.0,32.6530612244898,12.244897959183673,6.122448979591836,5.287197959183675,,,,,,,,,,,,24以上,,,,,,,,,,,
高スコア帯構成,前日比+3%以上,ChangePercent_3,3.0,,,,,,,,,,,,,,,,,0-7,10177.0,283.0,2.7807801906259213,,,,,,,,
高スコア帯構成,前日比+1%以上,ChangePercent_1,1.0,,,,,,,,,,,,,,,,,0-7,10177.0,1962.0,19.27876584455144,,,,,,,,
高スコア帯構成,出来高2倍以上,VolumeRatio_2,2.0,,,,,,,,,,,,,,,,,0-7,10177.0,219.0,2.1519111722511544,,,,,,,,
高スコア帯構成,出来高1.5倍以上,VolumeRatio_1.5,1.0,,,,,,,,,,,,,,,,,0-7,10177.0,816.0,8.018079984278275,,,,,,,,
高スコア帯構成,出来高増加3日,VolumeIncreaseDays_3,3.0,,,,,,,,,,,,,,,,,0-7,10177.0,311.0,3.0559103861648818,,,,,,,,
高スコア帯構成,出来高増加2日,VolumeIncreaseDays_2,2.0,,,,,,,,,,,,,,,,,0-7,10177.0,1195.0,11.742163702466346,,,,,,,,
高スコア帯構成,出来高増加1日,VolumeIncreaseDays_1,1.0,,,,,,,,,,,,,,,,,0-7,10177.0,3242.0,31.85614621204677,,,,,,,,
高スコア帯構成,ブレイク,BreakoutSignal,2.0,,,,,,,,,,,,,,,,,0-7,10177.0,67.0,0.6583472536110838,,,,,,,,
高スコア帯構成,ブレイク初日,BreakoutFirstDay,2.0,,,,,,,,,,,,,,,,,0-7,10177.0,21.0,0.2063476466542203,,,,,,,,
高スコア帯構成,30日高値更新,New30High,2.0,,,,,,,,,,,,,,,,,0-7,10177.0,339.0,3.3310405817038418,,,,,,,,
高スコア帯構成,MA5上,AboveMA5,1.0,,,,,,,,,,,,,,,,,0-7,10177.0,4477.0,43.99135305099735,,,,,,,,
高スコア帯構成,MA25上,AboveMA25,1.0,,,,,,,,,,,,,,,,,0-7,10177.0,4597.0,45.17048246045003,,,,,,,,
高スコア帯構成,MA75上,AboveMA75,1.0,,,,,,,,,,,,,,,,,0-7,10177.0,4044.0,39.736661098555565,,,,,,,,
高スコア帯構成,MACD GC,MACD_GC,2.0,,,,,,,,,,,,,,,,,0-7,10177.0,272.0,2.672693328092758,,,,,,,,
高スコア帯構成,前日比+5%以上,ChangePercent_5,5.0,,,,,,,,,,,,,,,,,8-11,1045.0,56.0,5.358851674641149,,,,,,,,
高スコア帯構成,前日比+3%以上,ChangePercent_3,3.0,,,,,,,,,,,,,,,,,8-11,1045.0,209.0,20.0,,,,,,,,
高スコア帯構成,前日比+1%以上,ChangePercent_1,1.0,,,,,,,,,,,,,,,,,8-11,1045.0,543.0,51.961722488038276,,,,,,,,
高スコア帯構成,出来高3倍以上,VolumeRatio_3,4.0,,,,,,,,,,,,,,,,,8-11,1045.0,50.0,4.784688995215311,,,,,,,,
高スコア帯構成,出来高2倍以上,VolumeRatio_2,2.0,,,,,,,,,,,,,,,,,8-11,1045.0,156.0,14.928229665071772,,,,,,,,
高スコア帯構成,出来高1.5倍以上,VolumeRatio_1.5,1.0,,,,,,,,,,,,,,,,,8-11,1045.0,310.0,29.665071770334926,,,,,,,,
高スコア帯構成,出来高増加3日,VolumeIncreaseDays_3,3.0,,,,,,,,,,,,,,,,,8-11,1045.0,444.0,42.48803827751196,,,,,,,,
高スコア帯構成,出来高増加2日,VolumeIncreaseDays_2,2.0,,,,,,,,,,,,,,,,,8-11,1045.0,638.0,61.05263157894737,,,,,,,,
高スコア帯構成,出来高増加1日,VolumeIncreaseDays_1,1.0,,,,,,,,,,,,,,,,,8-11,1045.0,879.0,84.11483253588517,,,,,,,,
高スコア帯構成,ブレイク,BreakoutSignal,2.0,,,,,,,,,,,,,,,,,8-11,1045.0,219.0,20.95693779904306,,,,,,,,
高スコア帯構成,ブレイク初日,BreakoutFirstDay,2.0,,,,,,,,,,,,,,,,,8-11,1045.0,150.0,14.354066985645932,,,,,,,,
高スコア帯構成,30日高値更新,New30High,2.0,,,,,,,,,,,,,,,,,8-11,1045.0,336.0,32.15311004784689,,,,,,,,
高スコア帯構成,MA5上,AboveMA5,1.0,,,,,,,,,,,,,,,,,8-11,1045.0,832.0,79.61722488038278,,,,,,,,
高スコア帯構成,MA25上,AboveMA25,1.0,,,,,,,,,,,,,,,,,8-11,1045.0,804.0,76.9377990430622,,,,,,,,
高スコア帯構成,MA75上,AboveMA75,1.0,,,,,,,,,,,,,,,,,8-11,1045.0,703.0,67.27272727272727,,,,,,,,
高スコア帯構成,MACD GC,MACD_GC,2.0,,,,,,,,,,,,,,,,,8-11,1045.0,94.0,8.995215311004785,,,,,,,,
高スコア帯構成,前日比+5%以上,ChangePercent_5,5.0,,,,,,,,,,,,,,,,,12-15,387.0,131.0,33.850129198966414,,,,,,,,
高スコア帯構成,前日比+3%以上,ChangePercent_3,3.0,,,,,,,,,,,,,,,,,12-15,387.0,231.0,59.68992248062015,,,,,,,,
高スコア帯構成,前日比+1%以上,ChangePercent_1,1.0,,,,,,,,,,,,,,,,,12-15,387.0,341.0,88.11369509043928,,,,,,,,
高スコア帯構成,出来高3倍以上,VolumeRatio_3,4.0,,,,,,,,,,,,,,,,,12-15,387.0,18.0,4.651162790697675,,,,,,,,
高スコア帯構成,出来高2倍以上,VolumeRatio_2,2.0,,,,,,,,,,,,,,,,,12-15,387.0,62.0,16.020671834625322,,,,,,,,
高スコア帯構成,出来高1.5倍以上,VolumeRatio_1.5,1.0,,,,,,,,,,,,,,,,,12-15,387.0,159.0,41.08527131782946,,,,,,,,
高スコア帯構成,出来高増加3日,VolumeIncreaseDays_3,3.0,,,,,,,,,,,,,,,,,12-15,387.0,133.0,34.366925064599485,,,,,,,,
高スコア帯構成,出来高増加2日,VolumeIncreaseDays_2,2.0,,,,,,,,,,,,,,,,,12-15,387.0,219.0,56.58914728682171,,,,,,,,
高スコア帯構成,出来高増加1日,VolumeIncreaseDays_1,1.0,,,,,,,,,,,,,,,,,12-15,387.0,350.0,90.43927648578811,,,,,,,,
高スコア帯構成,ブレイク,BreakoutSignal,2.0,,,,,,,,,,,,,,,,,12-15,387.0,146.0,37.72609819121447,,,,,,,,
高スコア帯構成,ブレイク初日,BreakoutFirstDay,2.0,,,,,,,,,,,,,,,,,12-15,387.0,94.0,24.289405684754524,,,,,,,,
高スコア帯構成,30日高値更新,New30High,2.0,,,,,,,,,,,,,,,,,12-15,387.0,165.0,42.63565891472868,,,,,,,,
高スコア帯構成,MA5上,AboveMA5,1.0,,,,,,,,,,,,,,,,,12-15,387.0,371.0,95.8656330749354,,,,,,,,
高スコア帯構成,MA25上,AboveMA25,1.0,,,,,,,,,,,,,,,,,12-15,387.0,338.0,87.33850129198967,,,,,,,,
高スコア帯構成,MA75上,AboveMA75,1.0,,,,,,,,,,,,,,,,,12-15,387.0,287.0,74.16020671834626,,,,,,,,
高スコア帯構成,MACD GC,MACD_GC,2.0,,,,,,,,,,,,,,,,,12-15,387.0,46.0,11.886304909560723,,,,,,,,
高スコア帯構成,前日比+5%以上,ChangePercent_5,5.0,,,,,,,,,,,,,,,,,16-19,192.0,94.0,48.95833333333333,,,,,,,,
高スコア帯構成,前日比+3%以上,ChangePercent_3,3.0,,,,,,,,,,,,,,,,,16-19,192.0,151.0,78.64583333333334,,,,,,,,
高スコア帯構成,前日比+1%以上,ChangePercent_1,1.0,,,,,,,,,,,,,,,,,16-19,192.0,186.0,96.875,,,,,,,,
高スコア帯構成,出来高3倍以上,VolumeRatio_3,4.0,,,,,,,,,,,,,,,,,16-19,192.0,9.0,4.6875,,,,,,,,
高スコア帯構成,出来高2倍以上,VolumeRatio_2,2.0,,,,,,,,,,,,,,,,,16-19,192.0,40.0,20.833333333333336,,,,,,,,
高スコア帯構成,出来高1.5倍以上,VolumeRatio_1.5,1.0,,,,,,,,,,,,,,,,,16-19,192.0,91.0,47.39583333333333,,,,,,,,
高スコア帯構成,出来高増加3日,VolumeIncreaseDays_3,3.0,,,,,,,,,,,,,,,,,16-19,192.0,83.0,43.22916666666667,,,,,,,,
高スコア帯構成,出来高増加2日,VolumeIncreaseDays_2,2.0,,,,,,,,,,,,,,,,,16-19,192.0,130.0,67.70833333333334,,,,,,,,
高スコア帯構成,出来高増加1日,VolumeIncreaseDays_1,1.0,,,,,,,,,,,,,,,,,16-19,192.0,173.0,90.10416666666666,,,,,,,,
高スコア帯構成,ブレイク,BreakoutSignal,2.0,,,,,,,,,,,,,,,,,16-19,192.0,140.0,72.91666666666666,,,,,,,,
高スコア帯構成,ブレイク初日,BreakoutFirstDay,2.0,,,,,,,,,,,,,,,,,16-19,192.0,104.0,54.166666666666664,,,,,,,,
高スコア帯構成,30日高値更新,New30High,2.0,,,,,,,,,,,,,,,,,16-19,192.0,135.0,70.3125,,,,,,,,
高スコア帯構成,MA5上,AboveMA5,1.0,,,,,,,,,,,,,,,,,16-19,192.0,192.0,100.0,,,,,,,,
高スコア帯構成,MA25上,AboveMA25,1.0,,,,,,,,,,,,,,,,,16-19,192.0,180.0,93.75,,,,,,,,
高スコア帯構成,MA75上,AboveMA75,1.0,,,,,,,,,,,,,,,,,16-19,192.0,153.0,79.6875,,,,,,,,
高スコア帯構成,MACD GC,MACD_GC,2.0,,,,,,,,,,,,,,,,,16-19,192.0,26.0,13.541666666666666,,,,,,,,
高スコア帯構成,前日比+5%以上,ChangePercent_5,5.0,,,,,,,,,,,,,,,,,20-23,76.0,63.0,82.89473684210526,,,,,,,,
高スコア帯構成,前日比+3%以上,ChangePercent_3,3.0,,,,,,,,,,,,,,,,,20-23,76.0,72.0,94.73684210526315,,,,,,,,
高スコア帯構成,前日比+1%以上,ChangePercent_1,1.0,,,,,,,,,,,,,,,,,20-23,76.0,76.0,100.0,,,,,,,,
高スコア帯構成,出来高3倍以上,VolumeRatio_3,4.0,,,,,,,,,,,,,,,,,20-23,76.0,8.0,10.526315789473683,,,,,,,,
高スコア帯構成,出来高2倍以上,VolumeRatio_2,2.0,,,,,,,,,,,,,,,,,20-23,76.0,28.0,36.84210526315789,,,,,,,,
高スコア帯構成,出来高1.5倍以上,VolumeRatio_1.5,1.0,,,,,,,,,,,,,,,,,20-23,76.0,60.0,78.94736842105263,,,,,,,,
高スコア帯構成,出来高増加3日,VolumeIncreaseDays_3,3.0,,,,,,,,,,,,,,,,,20-23,76.0,28.0,36.84210526315789,,,,,,,,
高スコア帯構成,出来高増加2日,VolumeIncreaseDays_2,2.0,,,,,,,,,,,,,,,,,20-23,76.0,50.0,65.78947368421053,,,,,,,,
高スコア帯構成,出来高増加1日,VolumeIncreaseDays_1,1.0,,,,,,,,,,,,,,,,,20-23,76.0,76.0,100.0,,,,,,,,
高スコア帯構成,ブレイク,BreakoutSignal,2.0,,,,,,,,,,,,,,,,,20-23,76.0,58.0,76.31578947368422,,,,,,,,
高スコア帯構成,ブレイク初日,BreakoutFirstDay,2.0,,,,,,,,,,,,,,,,,20-23,76.0,45.0,59.210526315789465,,,,,,,,
高スコア帯構成,30日高値更新,New30High,2.0,,,,,,,,,,,,,,,,,20-23,76.0,63.0,82.89473684210526,,,,,,,,
高スコア帯構成,MA5上,AboveMA5,1.0,,,,,,,,,,,,,,,,,20-23,76.0,76.0,100.0,,,,,,,,
高スコア帯構成,MA25上,AboveMA25,1.0,,,,,,,,,,,,,,,,,20-23,76.0,73.0,96.05263157894737,,,,,,,,
高スコア帯構成,MA75上,AboveMA75,1.0,,,,,,,,,,,,,,,,,20-23,76.0,67.0,88.1578947368421,,,,,,,,
高スコア帯構成,MACD GC,MACD_GC,2.0,,,,,,,,,,,,,,,,,20-23,76.0,20.0,26.31578947368421,,,,,,,,
高スコア帯構成,前日比+5%以上,ChangePercent_5,5.0,,,,,,,,,,,,,,,,,24以上,49.0,47.0,95.91836734693877,,,,,,,,
高スコア帯構成,前日比+3%以上,ChangePercent_3,3.0,,,,,,,,,,,,,,,,,24以上,49.0,48.0,97.95918367346938,,,,,,,,
高スコア帯構成,前日比+1%以上,ChangePercent_1,1.0,,,,,,,,,,,,,,,,,24以上,49.0,49.0,100.0,,,,,,,,
高スコア帯構成,出来高3倍以上,VolumeRatio_3,4.0,,,,,,,,,,,,,,,,,24以上,49.0,19.0,38.775510204081634,,,,,,,,
高スコア帯構成,出来高2倍以上,VolumeRatio_2,2.0,,,,,,,,,,,,,,,,,24以上,49.0,41.0,83.6734693877551,,,,,,,,
高スコア帯構成,出来高1.5倍以上,VolumeRatio_1.5,1.0,,,,,,,,,,,,,,,,,24以上,49.0,47.0,95.91836734693877,,,,,,,,
高スコア帯構成,出来高増加3日,VolumeIncreaseDays_3,3.0,,,,,,,,,,,,,,,,,24以上,49.0,23.0,46.93877551020408,,,,,,,,
高スコア帯構成,出来高増加2日,VolumeIncreaseDays_2,2.0,,,,,,,,,,,,,,,,,24以上,49.0,40.0,81.63265306122449,,,,,,,,
高スコア帯構成,出来高増加1日,VolumeIncreaseDays_1,1.0,,,,,,,,,,,,,,,,,24以上,49.0,49.0,100.0,,,,,,,,
高スコア帯構成,ブレイク,BreakoutSignal,2.0,,,,,,,,,,,,,,,,,24以上,49.0,45.0,91.83673469387756,,,,,,,,
高スコア帯構成,ブレイク初日,BreakoutFirstDay,2.0,,,,,,,,,,,,,,,,,24以上,49.0,39.0,79.59183673469387,,,,,,,,
高スコア帯構成,30日高値更新,New30High,2.0,,,,,,,,,,,,,,,,,24以上,49.0,45.0,91.83673469387756,,,,,,,,
高スコア帯構成,MA5上,AboveMA5,1.0,,,,,,,,,,,,,,,,,24以上,49.0,49.0,100.0,,,,,,,,
高スコア帯構成,MA25上,AboveMA25,1.0,,,,,,,,,,,,,,,,,24以上,49.0,49.0,100.0,,,,,,,,
高スコア帯構成,MA75上,AboveMA75,1.0,,,,,,,,,,,,,,,,,24以上,49.0,45.0,91.83673469387756,,,,,,,,
高スコア帯構成,MACD GC,MACD_GC,2.0,,,,,,,,,,,,,,,,,24以上,49.0,18.0,36.734693877551024,,,,,,,,
条件重複,,,,391.0,,14.066496163682865,5.626598465473146,,,,,,,,,,,,,,,,,前日比+5%以上,前日比+3%以上,5.0,3.0,,,,
条件重複,,,,391.0,,14.066496163682865,5.626598465473146,,,,,,,,,,,,,,,,,前日比+5%以上,前日比+1%以上,5.0,1.0,,,,
条件重複,,,,26.0,,15.384615384615385,11.538461538461538,,,,,,,,,,,,,,,,,前日比+5%以上,出来高3倍以上,5.0,4.0,,,,
条件重複,,,,82.0,,13.414634146341465,7.317073170731707,,,,,,,,,,,,,,,,,前日比+5%以上,出来高2倍以上,5.0,2.0,,,,
条件重複,,,,171.0,,11.695906432748536,3.508771929824561,,,,,,,,,,,,,,,,,前日比+5%以上,出来高1.5倍以上,5.0,1.0,,,,
条件重複,,,,60.0,,13.333333333333334,0.0,,,,,,,,,,,,,,,,,前日比+5%以上,出来高増加3日,5.0,3.0,,,,
条件重複,,,,143.0,,12.587412587412588,1.3986013986013985,,,,,,,,,,,,,,,,,前日比+5%以上,出来高増加2日,5.0,2.0,,,,
条件重複,,,,299.0,,12.040133779264215,3.0100334448160537,,,,,,,,,,,,,,,,,前日比+5%以上,出来高増加1日,5.0,1.0,,,,
条件重複,,,,139.0,,16.546762589928058,8.633093525179856,,,,,,,,,,,,,,,,,前日比+5%以上,ブレイク,5.0,2.0,,,,
条件重複,,,,108.0,,13.88888888888889,4.62962962962963,,,,,,,,,,,,,,,,,前日比+5%以上,ブレイク初日,5.0,2.0,,,,
条件重複,,,,136.0,,16.176470588235293,8.823529411764707,,,,,,,,,,,,,,,,,前日比+5%以上,30日高値更新,5.0,2.0,,,,
条件重複,,,,376.0,,13.829787234042554,5.585106382978723,,,,,,,,,,,,,,,,,前日比+5%以上,MA5上,5.0,1.0,,,,
条件重複,,,,290.0,,12.758620689655173,4.827586206896552,,,,,,,,,,,,,,,,,前日比+5%以上,MA25上,5.0,1.0,,,,
条件重複,,,,262.0,,13.358778625954198,4.961832061068702,,,,,,,,,,,,,,,,,前日比+5%以上,MA75上,5.0,1.0,,,,
条件重複,,,,58.0,,8.620689655172415,0.0,,,,,,,,,,,,,,,,,前日比+5%以上,MACD GC,5.0,2.0,,,,
条件重複,,,,994.0,,9.557344064386317,2.9175050301810868,,,,,,,,,,,,,,,,,前日比+3%以上,前日比+1%以上,3.0,1.0,,,,
条件重複,,,,32.0,,18.75,12.5,,,,,,,,,,,,,,,,,前日比+3%以上,出来高3倍以上,3.0,4.0,,,,
条件重複,,,,121.0,,11.570247933884298,5.785123966942149,,,,,,,,,,,,,,,,,前日比+3%以上,出来高2倍以上,3.0,2.0,,,,
条件重複,,,,292.0,,9.931506849315069,3.4246575342465753,,,,,,,,,,,,,,,,,前日比+3%以上,出来高1.5倍以上,3.0,1.0,,,,
条件重複,,,,140.0,,10.0,0.7142857142857143,,,,,,,,,,,,,,,,,前日比+3%以上,出来高増加3日,3.0,3.0,,,,
条件重複,,,,311.0,,9.003215434083602,1.607717041800643,,,,,,,,,,,,,,,,,前日比+3%以上,出来高増加2日,3.0,2.0,,,,
条件重複,,,,632.0,,8.860759493670885,2.0569620253164556,,,,,,,,,,,,,,,,,前日比+3%以上,出来高増加1日,3.0,1.0,,,,
条件重複,,,,264.0,,9.848484848484848,4.545454545454546,,,,,,,,,,,,,,,,,前日比+3%以上,ブレイク,3.0,2.0,,,,
条件重複,,,,194.0,,8.24742268041237,2.5773195876288657,,,,,,,,,,,,,,,,,前日比+3%以上,ブレイク初日,3.0,2.0,,,,
条件重複,,,,267.0,,10.112359550561797,4.868913857677903,,,,,,,,,,,,,,,,,前日比+3%以上,30日高値更新,3.0,2.0,,,,
条件重複,,,,927.0,,9.277238403451996,2.912621359223301,,,,,,,,,,,,,,,,,前日比+3%以上,MA5上,3.0,1.0,,,,
条件重複,,,,706.0,,8.498583569405099,2.4079320113314444,,,,,,,,,,,,,,,,,前日比+3%以上,MA25上,3.0,1.0,,,,
条件重複,,,,598.0,,9.03010033444816,2.6755852842809364,,,,,,,,,,,,,,,,,前日比+3%以上,MA75上,3.0,1.0,,,,
条件重複,,,,123.0,,6.504065040650407,0.8130081300813009,,,,,,,,,,,,,,,,,前日比+3%以上,MACD GC,3.0,2.0,,,,
条件重複,,,,42.0,,14.285714285714285,9.523809523809524,,,,,,,,,,,,,,,,,前日比+1%以上,出来高3倍以上,1.0,4.0,,,,
条件重複,,,,184.0,,9.782608695652174,3.804347826086957,,,,,,,,,,,,,,,,,前日比+1%以上,出来高2倍以上,1.0,2.0,,,,
条件重複,,,,525.0,,7.809523809523809,2.0952380952380953,,,,,,,,,,,,,,,,,前日比+1%以上,出来高1.5倍以上,1.0,1.0,,,,
条件重複,,,,350.0,,8.857142857142856,0.2857142857142857,,,,,,,,,,,,,,,,,前日比+1%以上,出来高増加3日,1.0,3.0,,,,
条件重複,,,,758.0,,7.783641160949868,1.0554089709762533,,,,,,,,,,,,,,,,,前日比+1%以上,出来高増加2日,1.0,2.0,,,,
条件重複,,,,1542.0,,7.198443579766536,1.1673151750972763,,,,,,,,,,,,,,,,,前日比+1%以上,出来高増加1日,1.0,1.0,,,,
条件重複,,,,565.0,,6.725663716814159,2.1238938053097343,,,,,,,,,,,,,,,,,前日比+1%以上,ブレイク,1.0,2.0,,,,
条件重複,,,,407.0,,6.142506142506143,1.2285012285012284,,,,,,,,,,,,,,,,,前日比+1%以上,ブレイク初日,1.0,2.0,,,,
条件重複,,,,606.0,,6.765676567656766,2.145214521452145,,,,,,,,,,,,,,,,,前日比+1%以上,30日高値更新,1.0,2.0,,,,
条件重複,,,,2712.0,,7.300884955752212,1.4011799410029497,,,,,,,,,,,,,,,,,前日比+1%以上,MA5上,1.0,1.0,,,,
条件重複,,,,2084.0,,6.861804222648753,1.3435700575815739,,,,,,,,,,,,,,,,,前日比+1%以上,MA25上,1.0,1.0,,,,
条件重複,,,,1702.0,,7.638072855464159,1.527614571092832,,,,,,,,,,,,,,,,,前日比+1%以上,MA75上,1.0,1.0,,,,
条件重複,,,,299.0,,6.688963210702341,0.33444816053511706,,,,,,,,,,,,,,,,,前日比+1%以上,MACD GC,1.0,2.0,,,,
条件重複,,,,104.0,,7.6923076923076925,4.807692307692308,,,,,,,,,,,,,,,,,出来高3倍以上,出来高2倍以上,4.0,2.0,,,,
条件重複,,,,104.0,,7.6923076923076925,4.807692307692308,,,,,,,,,,,,,,,,,出来高3倍以上,出来高1.5倍以上,4.0,1.0,,,,
条件重複,,,,12.0,,0.0,0.0,,,,,,,,,,,,,,,,,出来高3倍以上,出来高増加3日,4.0,3.0,,,,
条件重複,,,,43.0,,4.651162790697675,4.651162790697675,,,,,,,,,,,,,,,,,出来高3倍以上,出来高増加2日,4.0,2.0,,,,
条件重複,,,,104.0,,7.6923076923076925,4.807692307692308,,,,,,,,,,,,,,,,,出来高3倍以上,出来高増加1日,4.0,1.0,,,,
条件重複,,,,23.0,,13.043478260869565,13.043478260869565,,,,,,,,,,,,,,,,,出来高3倍以上,ブレイク,4.0,2.0,,,,
条件重複,,,,18.0,,5.555555555555555,5.555555555555555,,,,,,,,,,,,,,,,,出来高3倍以上,ブレイク初日,4.0,2.0,,,,
条件重複,,,,27.0,,14.814814814814813,11.11111111111111,,,,,,,,,,,,,,,,,出来高3倍以上,30日高値更新,4.0,2.0,,,,
条件重複,,,,58.0,,13.793103448275861,8.620689655172415,,,,,,,,,,,,,,,,,出来高3倍以上,MA5上,4.0,1.0,,,,
条件重複,,,,53.0,,13.20754716981132,7.547169811320755,,,,,,,,,,,,,,,,,出来高3倍以上,MA25上,4.0,1.0,,,,
条件重複,,,,41.0,,9.75609756097561,7.317073170731707,,,,,,,,,,,,,,,,,出来高3倍以上,MA75上,4.0,1.0,,,,
条件重複,,,,14.0,,7.142857142857142,0.0,,,,,,,,,,,,,,,,,出来高3倍以上,MACD GC,4.0,2.0,,,,
条件重複,,,,546.0,,6.41025641025641,2.564102564102564,,,,,,,,,,,,,,,,,出来高2倍以上,出来高1.5倍以上,2.0,1.0,,,,
条件重複,,,,108.0,,7.4074074074074066,0.0,,,,,,,,,,,,,,,,,出来高2倍以上,出来高増加3日,2.0,3.0,,,,
条件重複,,,,249.0,,6.425702811244979,1.2048192771084338,,,,,,,,,,,,,,,,,出来高2倍以上,出来高増加2日,2.0,2.0,,,,
条件重複,,,,546.0,,6.41025641025641,2.564102564102564,,,,,,,,,,,,,,,,,出来高2倍以上,出来高増加1日,2.0,1.0,,,,
条件重複,,,,86.0,,11.627906976744185,6.976744186046512,,,,,,,,,,,,,,,,,出来高2倍以上,ブレイク,2.0,2.0,,,,
条件重複,,,,66.0,,9.090909090909092,4.545454545454546,,,,,,,,,,,,,,,,,出来高2倍以上,ブレイク初日,2.0,2.0,,,,
条件重複,,,,124.0,,10.483870967741936,4.838709677419355,,,,,,,,,,,,,,,,,出来高2倍以上,30日高値更新,2.0,2.0,,,,
条件重複,,,,265.0,,7.9245283018867925,3.018867924528302,,,,,,,,,,,,,,,,,出来高2倍以上,MA5上,2.0,1.0,,,,
条件重複,,,,271.0,,7.011070110701106,2.5830258302583027,,,,,,,,,,,,,,,,,出来高2倍以上,MA25上,2.0,1.0,,,,
条件重複,,,,210.0,,5.714285714285714,2.380952380952381,,,,,,,,,,,,,,,,,出来高2倍以上,MA75上,2.0,1.0,,,,
条件重複,,,,43.0,,4.651162790697675,0.0,,,,,,,,,,,,,,,,,出来高2倍以上,MACD GC,2.0,2.0,,,,
条件重複,,,,307.0,,6.514657980456026,0.6514657980456027,,,,,,,,,,,,,,,,,出来高1.5倍以上,出来高増加3日,1.0,3.0,,,,
条件重複,,,,728.0,,6.318681318681318,1.2362637362637363,,,,,,,,,,,,,,,,,出来高1.5倍以上,出来高増加2日,1.0,2.0,,,,
条件重複,,,,1483.0,,6.068779501011464,1.8206338503034392,,,,,,,,,,,,,,,,,出来高1.5倍以上,出来高増加1日,1.0,1.0,,,,
条件重複,,,,214.0,,6.5420560747663545,2.803738317757009,,,,,,,,,,,,,,,,,出来高1.5倍以上,ブレイク,1.0,2.0,,,,
条件重複,,,,150.0,,6.666666666666667,2.0,,,,,,,,,,,,,,,,,出来高1.5倍以上,ブレイク初日,1.0,2.0,,,,
条件重複,,,,285.0,,7.368421052631578,2.456140350877193,,,,,,,,,,,,,,,,,出来高1.5倍以上,30日高値更新,1.0,2.0,,,,
条件重複,,,,770.0,,6.233766233766234,1.4285714285714286,,,,,,,,,,,,,,,,,出来高1.5倍以上,MA5上,1.0,1.0,,,,
条件重複,,,,774.0,,5.943152454780361,1.1627906976744187,,,,,,,,,,,,,,,,,出来高1.5倍以上,MA25上,1.0,1.0,,,,
条件重複,,,,621.0,,6.602254428341385,1.288244766505636,,,,,,,,,,,,,,,,,出来高1.5倍以上,MA75上,1.0,1.0,,,,
条件重複,,,,95.0,,4.2105263157894735,0.0,,,,,,,,,,,,,,,,,出来高1.5倍以上,MACD GC,1.0,2.0,,,,
条件重複,,,,1022.0,,7.338551859099804,0.5870841487279843,,,,,,,,,,,,,,,,,出来高増加3日,出来高増加2日,3.0,2.0,,,,
条件重複,,,,1022.0,,7.338551859099804,0.5870841487279843,,,,,,,,,,,,,,,,,出来高増加3日,出来高増加1日,3.0,1.0,,,,
条件重複,,,,143.0,,6.993006993006993,0.0,,,,,,,,,,,,,,,,,出来高増加3日,ブレイク,3.0,2.0,,,,
条件重複,,,,78.0,,5.128205128205128,0.0,,,,,,,,,,,,,,,,,出来高増加3日,ブレイク初日,3.0,2.0,,,,
条件重複,,,,236.0,,7.627118644067797,0.423728813559322,,,,,,,,,,,,,,,,,出来高増加3日,30日高値更新,3.0,2.0,,,,
条件重複,,,,572.0,,7.3426573426573425,0.5244755244755245,,,,,,,,,,,,,,,,,出来高増加3日,MA5上,3.0,1.0,,,,
条件重複,,,,601.0,,7.820299500831947,0.33277870216306155,,,,,,,,,,,,,,,,,出来高増加3日,MA25上,3.0,1.0,,,,
条件重複,,,,539.0,,8.905380333951761,0.1855287569573284,,,,,,,,,,,,,,,,,出来高増加3日,MA75上,3.0,1.0,,,,
条件重複,,,,58.0,,12.068965517241379,0.0,,,,,,,,,,,,,,,,,出来高増加3日,MACD GC,3.0,2.0,,,,
条件重複,,,,2272.0,,6.205985915492958,0.8802816901408451,,,,,,,,,,,,,,,,,出来高増加2日,出来高増加1日,2.0,1.0,,,,
条件重複,,,,278.0,,6.115107913669065,0.7194244604316548,,,,,,,,,,,,,,,,,出来高増加2日,ブレイク,2.0,2.0,,,,
条件重複,,,,168.0,,5.357142857142857,0.5952380952380952,,,,,,,,,,,,,,,,,出来高増加2日,ブレイク初日,2.0,2.0,,,,
条件重複,,,,427.0,,6.323185011709602,0.702576112412178,,,,,,,,,,,,,,,,,出来高増加2日,30日高値更新,2.0,2.0,,,,
条件重複,,,,1252.0,,6.070287539936102,0.7188498402555911,,,,,,,,,,,,,,,,,出来高増加2日,MA5上,2.0,1.0,,,,
条件重複,,,,1269.0,,6.304176516942474,0.5516154452324665,,,,,,,,,,,,,,,,,出来高増加2日,MA25上,2.0,1.0,,,,
条件重複,,,,1118.0,,7.2450805008944545,0.6261180679785331,,,,,,,,,,,,,,,,,出来高増加2日,MA75上,2.0,1.0,,,,
条件重複,,,,147.0,,7.482993197278912,0.0,,,,,,,,,,,,,,,,,出来高増加2日,MACD GC,2.0,2.0,,,,
条件重複,,,,486.0,,5.761316872427984,1.440329218106996,,,,,,,,,,,,,,,,,出来高増加1日,ブレイク,1.0,2.0,,,,
条件重複,,,,334.0,,5.389221556886228,1.1976047904191618,,,,,,,,,,,,,,,,,出来高増加1日,ブレイク初日,1.0,2.0,,,,
条件重複,,,,707.0,,5.657708628005658,1.272984441301273,,,,,,,,,,,,,,,,,出来高増加1日,30日高値更新,1.0,2.0,,,,
条件重複,,,,2508.0,,6.0606060606060606,1.036682615629984,,,,,,,,,,,,,,,,,出来高増加1日,MA5上,1.0,1.0,,,,
条件重複,,,,2514.0,,5.767700875099443,0.7955449482895784,,,,,,,,,,,,,,,,,出来高増加1日,MA25上,1.0,1.0,,,,
条件重複,,,,2178.0,,6.336088154269973,0.9641873278236914,,,,,,,,,,,,,,,,,出来高増加1日,MA75上,1.0,1.0,,,,
条件重複,,,,250.0,,6.0,0.0,,,,,,,,,,,,,,,,,出来高増加1日,MACD GC,1.0,2.0,,,,
条件重複,,,,453.0,,5.960264900662252,1.1037527593818985,,,,,,,,,,,,,,,,,ブレイク,ブレイク初日,2.0,2.0,,,,
条件重複,,,,553.0,,6.6907775768535265,2.1699819168173597,,,,,,,,,,,,,,,,,ブレイク,30日高値更新,2.0,2.0,,,,
条件重複,,,,675.0,,6.222222222222222,1.7777777777777777,,,,,,,,,,,,,,,,,ブレイク,MA5上,2.0,1.0,,,,
条件重複,,,,672.0,,6.101190476190476,1.7857142857142856,,,,,,,,,,,,,,,,,ブレイク,MA25上,2.0,1.0,,,,
条件重複,,,,572.0,,6.468531468531468,1.7482517482517483,,,,,,,,,,,,,,,,,ブレイク,MA75上,2.0,1.0,,,,
条件重複,,,,42.0,,9.523809523809524,0.0,,,,,,,,,,,,,,,,,ブレイク,MACD GC,2.0,2.0,,,,
条件重複,,,,358.0,,6.145251396648044,1.3966480446927374,,,,,,,,,,,,,,,,,ブレイク初日,30日高値更新,2.0,2.0,,,,
条件重複,,,,453.0,,5.960264900662252,1.1037527593818985,,,,,,,,,,,,,,,,,ブレイク初日,MA5上,2.0,1.0,,,,
条件重複,,,,451.0,,5.764966740576496,1.1086474501108647,,,,,,,,,,,,,,,,,ブレイク初日,MA25上,2.0,1.0,,,,
条件重複,,,,370.0,,5.9459459459459465,0.8108108108108109,,,,,,,,,,,,,,,,,ブレイク初日,MA75上,2.0,1.0,,,,
条件重複,,,,39.0,,7.6923076923076925,0.0,,,,,,,,,,,,,,,,,ブレイク初日,MACD GC,2.0,2.0,,,,
条件重複,,,,1014.0,,5.9171597633136095,1.8737672583826428,,,,,,,,,,,,,,,,,30日高値更新,MA5上,2.0,1.0,,,,
条件重複,,,,1076.0,,6.04089219330855,1.7657992565055762,,,,,,,,,,,,,,,,,30日高値更新,MA25上,2.0,1.0,,,,
条件重複,,,,969.0,,6.0887512899896805,1.7543859649122806,,,,,,,,,,,,,,,,,30日高値更新,MA75上,2.0,1.0,,,,
条件重複,,,,58.0,,12.068965517241379,1.7241379310344827,,,,,,,,,,,,,,,,,30日高値更新,MACD GC,2.0,2.0,,,,
条件重複,,,,4166.0,,5.7129140662506,0.9841574651944311,,,,,,,,,,,,,,,,,MA5上,MA25上,1.0,1.0,,,,
条件重複,,,,3257.0,,6.017807798587657,1.1360147374884864,,,,,,,,,,,,,,,,,MA5上,MA75上,1.0,1.0,,,,
条件重複,,,,446.0,,7.174887892376682,0.4484304932735426,,,,,,,,,,,,,,,,,MA5上,MACD GC,1.0,2.0,,,,
条件重複,,,,4235.0,,5.785123966942149,1.062573789846517,,,,,,,,,,,,,,,,,MA25上,MA75上,1.0,1.0,,,,
条件重複,,,,265.0,,8.30188679245283,0.7547169811320755,,,,,,,,,,,,,,,,,MA25上,MACD GC,1.0,2.0,,,,
条件重複,,,,209.0,,9.569377990430622,0.9569377990430622,,,,,,,,,,,,,,,,,MA75上,MACD GC,1.0,2.0,,,,
1点あたり,前日比+5%以上,ChangePercent_5,5.0,391.0,32.48081841432225,14.066496163682865,5.626598465473146,4.679874168797954,7.861565759523885,4.377227343554648,,,,,,,,,,,,,,,,,,1.572313151904777,0.8754454687109297,,
1点あたり,前日比+3%以上,ChangePercent_3,3.0,994.0,28.06841046277666,9.557344064386317,2.9175050301810868,3.649963078470825,3.352413660227337,1.6681339082625894,,,,,,,,,,,,,,,,,,1.117471220075779,0.5560446360875299,,
1点あたり,前日比+1%以上,ChangePercent_1,1.0,3157.0,23.725055432372503,7.570478302185619,1.4887551472917326,3.1267439657903076,1.3655478980266391,0.23938402537323533,,,,,,,,,,,,,,,,,,1.3655478980266391,0.23938402537323533,,
1点あたり,出来高3倍以上,VolumeRatio_3,4.0,104.0,17.307692307692307,7.6923076923076925,4.807692307692308,3.4435413461538458,1.4873772881487124,3.558321185773811,,,,,,,,,,,,,,,,,,0.3718443220371781,0.8895802964434527,,
1点あたり,出来高2倍以上,VolumeRatio_2,2.0,546.0,19.963369963369964,6.41025641025641,2.564102564102564,2.7349456043956044,0.20532600609742957,1.3147314421840666,,,,,,,,,,,,,,,,,,0.10266300304871478,0.6573657210920333,,
1点あたり,出来高1.5倍以上,VolumeRatio_1.5,1.0,1483.0,19.420094403236682,6.068779501011464,1.8206338503034392,2.799558327714093,-0.13615090314751654,0.5712627283849419,,,,,,,,,,,,,,,,,,-0.13615090314751654,0.5712627283849419,,
1点あたり,出来高増加3日,VolumeIncreaseDays_3,3.0,1022.0,22.309197651663403,7.338551859099804,0.5870841487279843,2.7377271037181994,1.1336214549408234,-0.662286973190513,,,,,,,,,,,,,,,,,,0.37787381831360783,-0.22076232439683766,,
1点あたり,出来高増加2日,VolumeIncreaseDays_2,2.0,2272.0,20.774647887323944,6.205985915492958,0.8802816901408451,2.712961971830986,0.0010555113339778543,-0.3690894317776522,,,,,,,,,,,,,,,,,,0.0005277556669889272,-0.1845447158888261,,
1点あたり,出来高増加1日,VolumeIncreaseDays_1,1.0,4769.0,20.86391276997274,6.185783183057245,1.2790941497169217,2.782723254351017,-0.01914722110173539,0.029723027798424395,,,,,,,,,,,,,,,,,,-0.01914722110173539,0.029723027798424395,,
1点あたり,ブレイク,BreakoutSignal,2.0,675.0,17.037037037037038,6.222222222222222,1.7777777777777777,3.1205260740740743,0.017291818063242204,0.5284066558592804,,,,,,,,,,,,,,,,,,0.008645909031621102,0.2642033279296402,,
1点あたり,ブレイク初日,BreakoutFirstDay,2.0,453.0,16.99779249448124,5.960264900662252,1.1037527593818985,2.7345311258278144,-0.24466550349672822,-0.14561836253659877,,,,,,,,,,,,,,,,,,-0.12233275174836411,-0.07280918126829938,,
1点あたり,30日高値更新,New30High,2.0,1083.0,19.298245614035086,6.001846722068329,1.7543859649122806,3.1625918744228994,-0.20308368209065097,0.5050148429937833,,,,,,,,,,,,,,,,,,-0.10154184104532549,0.25250742149689165,,
1点あたり,MA5上,AboveMA5,1.0,5997.0,20.393530098382527,5.91962647990662,1.0505252626313157,2.7946997498749373,-0.28530392425235984,-0.19884585928718157,,,,,,,,,,,,,,,,,,-0.28530392425235984,-0.19884585928718157,,
1点あたり,MA25上,AboveMA25,1.0,6041.0,19.682171825856646,5.6282072504552225,1.0097665949346135,2.830798228770071,-0.5767231537037576,-0.2396045269838838,,,,,,,,,,,,,,,,,,-0.5767231537037576,-0.2396045269838838,,
1点あたり,MA75上,AboveMA75,1.0,5299.0,21.739950934138516,6.152104170598227,1.019060200037743,2.966094829213059,-0.052826233560753444,-0.23031092188075442,,,,,,,,,,,,,,,,,,-0.052826233560753444,-0.23031092188075442,,
1点あたり,MACD GC,MACD_GC,2.0,476.0,22.478991596638657,6.722689075630252,0.42016806722689076,2.6706073529411767,0.5177586714712721,-0.8292030546916065,,,,,,,,,,,,,,,,,,0.25887933573563604,-0.41460152734580324,,
RSI減点,,,,38.0,,,,,,,,,,,,,,,,,,,,,,,,,,RSI95以上,-3.0
RSI減点,,,,59.0,,,,,,,,,,,,,,,,,,,,,,,,,,RSI90-94.99,-2.0
RSI減点,,,,103.0,,,,,,,,,,,,,,,,,,,,,,,,,,RSI85-89.99,-1.0
RSI減点,,,,11726.0,,,,,,,,,,,,,,,,,,,,,,,,,,RSI85未満,0.0
