案,基本最大,最終最大,平均基本,平均最終,RSI減点件数,最高+10%閾値,最高+10%率,最高+10%件数,最高+20%閾値,最高+20%率,最高+20%件数,分析,閾値,スコア下限,スコア上限,件数,構成比,+5%率,+10%率,+20%率,平均最大騰落率,基本件数,最終件数,基本構成比,最終構成比,基本+10%率,基本+20%率,基本+10%差,基本+20%差,最終+10%率,最終+20%率,最終+10%差,最終+20%差
=== 概要 ===,,,,,,,,,,,,,,,,,,,,,,,,,,,,,,,,,
Ver4_A_初動特化,11.0,11.0,0.8944323327184304,0.8663424450779809,200.0,9.0,14.814814814814813,54.0,9.0,11.11111111111111,54.0,,,,,,,,,,,,,,,,,,,,,,
Ver4_B_高騰重視,13.0,13.0,1.0235619654536308,0.9954720778131813,200.0,11.0,17.02127659574468,47.0,11.0,12.76595744680851,47.0,,,,,,,,,,,,,,,,,,,,,,
Ver4_C_超初動,17.0,17.0,1.2124769411370115,1.1843870534965621,200.0,14.0,17.77777777777778,45.0,14.0,13.333333333333334,45.0,,,,,,,,,,,,,,,,,,,,,,
=== 詳細 ===,,,,,,,,,,,,,,,,,,,,,,,,,,,,,,,,,
Ver4_A_初動特化,,,,,,,,,,,,以上,0.0,0.0,11.0,11926.0,100.0,20.593660908938453,6.20493040415898,1.2493711219184973,2.8561901895019286,,,,,,,,,,,,
Ver4_A_初動特化,,,,,,,,,,,,以上,1.0,1.0,11.0,4713.0,39.518698641623345,21.875663059622322,6.74729471674093,1.464035646085296,2.9667206450244006,,,,,,,,,,,,
Ver4_A_初動特化,,,,,,,,,,,,以上,2.0,2.0,11.0,2506.0,21.012912963273518,21.22905027932961,6.664006384676775,1.7158818834796488,2.8896648044692737,,,,,,,,,,,,
Ver4_A_初動特化,,,,,,,,,,,,以上,3.0,3.0,11.0,1300.0,10.900553412711723,21.23076923076923,7.6923076923076925,2.230769230769231,3.091444923076923,,,,,,,,,,,,
Ver4_A_初動特化,,,,,,,,,,,,以上,4.0,4.0,11.0,826.0,6.926043937615295,20.217917675544793,7.021791767554479,1.694915254237288,3.1914165859564165,,,,,,,,,,,,
Ver4_A_初動特化,,,,,,,,,,,,以上,5.0,5.0,11.0,588.0,4.930404158980379,20.408163265306122,7.8231292517006805,2.380952380952381,3.6782238095238093,,,,,,,,,,,,
Ver4_A_初動特化,,,,,,,,,,,,以上,6.0,6.0,11.0,343.0,2.8760690927385544,25.364431486880466,9.329446064139942,3.498542274052478,4.391291836734694,,,,,,,,,,,,
Ver4_A_初動特化,,,,,,,,,,,,以上,7.0,7.0,11.0,209.0,1.752473587120577,27.27272727272727,11.483253588516746,5.741626794258373,5.676538755980862,,,,,,,,,,,,
Ver4_A_初動特化,,,,,,,,,,,,以上,8.0,8.0,11.0,106.0,0.8888143551903405,27.358490566037734,10.377358490566039,5.660377358490567,4.019891509433963,,,,,,,,,,,,
Ver4_A_初動特化,,,,,,,,,,,,以上,9.0,9.0,11.0,54.0,0.45279221868187153,31.48148148148148,14.814814814814813,11.11111111111111,5.81769814814815,,,,,,,,,,,,
Ver4_A_初動特化,,,,,,,,,,,,スコア別,9.0,9.0,9.0,34.0,0.285091396947845,26.47058823529412,11.76470588235294,8.823529411764707,3.8758529411764697,,,,,,,,,,,,
Ver4_A_初動特化,,,,,,,,,,,,スコア別,8.0,8.0,8.0,52.0,0.4360221365084689,23.076923076923077,5.769230769230769,0.0,2.1529384615384615,,,,,,,,,,,,
Ver4_A_初動特化,,,,,,,,,,,,スコア別,7.0,7.0,7.0,103.0,0.8636592319302364,27.184466019417474,12.62135922330097,5.825242718446602,7.381437864077672,,,,,,,,,,,,
Ver4_A_初動特化,,,,,,,,,,,,スコア別,6.0,6.0,6.0,134.0,1.1235955056179776,22.388059701492537,5.970149253731343,0.0,2.386690298507463,,,,,,,,,,,,
Ver4_A_初動特化,,,,,,,,,,,,スコア別,5.0,5.0,5.0,245.0,2.0543350662418245,13.46938775510204,5.714285714285714,0.8163265306122449,2.6799285714285714,,,,,,,,,,,,
Ver4_A_初動特化,,,,,,,,,,,,スコア別,4.0,4.0,4.0,238.0,1.9956397786349154,19.747899159663866,5.042016806722689,0.0,1.9887163865546218,,,,,,,,,,,,
Ver4_A_初動特化,,,,,,,,,,,,スコア別,3.0,3.0,3.0,474.0,3.974509475096428,22.9957805907173,8.860759493670885,3.1645569620253164,2.917232700421941,,,,,,,,,,,,
Ver4_A_初動特化,,,,,,,,,,,,スコア別,2.0,2.0,2.0,1206.0,10.112359550561797,21.22719734660033,5.555555555555555,1.1608623548922055,2.672157213930348,,,,,,,,,,,,
Ver4_A_初動特化,,,,,,,,,,,,スコア別,1.0,1.0,1.0,2207.0,18.505785678349824,22.609877661984594,6.841866787494336,1.1780697779791574,3.054215858631627,,,,,,,,,,,,
Ver4_A_初動特化,,,,,,,,,,,,スコア別,0.0,0.0,0.0,7213.0,60.48130135837666,19.755996118120063,5.850547622348538,1.1091085539997227,2.783969194509913,,,,,,,,,,,,
Ver4_A_初動特化,,,,,,,,,,,,RSI前後,0.0,,,,,,,,,11926.0,11853.0,100.0,99.3878920006708,6.20493040415898,1.2493711219184973,0.0,0.0,6.226271829916477,1.2570657217582046,0.021341425757497312,0.007694599839707328
Ver4_A_初動特化,,,,,,,,,,,,RSI前後,1.0,,,,,,,,,4713.0,4689.0,39.518698641623345,39.31745765554251,6.74729471674093,1.464035646085296,0.5423643125819497,0.2146645241667986,6.7605033056088715,1.471529110684581,0.5555729014498914,0.22215798876608361
Ver4_A_初動特化,,,,,,,,,,,,RSI前後,2.0,,,,,,,,,2506.0,2466.0,21.012912963273518,20.67751131980547,6.664006384676775,1.7158818834796488,0.4590759805177953,0.46651076156115145,6.65044606650446,1.7437145174371453,0.4455156623454801,0.49434339551864803
Ver4_A_初動特化,,,,,,,,,,,,RSI前後,3.0,,,,,,,,,1300.0,1269.0,10.900553412711723,10.64061713902398,7.6923076923076925,2.230769230769231,1.4873772881487124,0.9813981088507335,7.722616233254531,2.2852639873916467,1.5176858290955506,1.0358928654731494
Ver4_A_初動特化,,,,,,,,,,,,RSI前後,4.0,,,,,,,,,826.0,788.0,6.926043937615295,6.607412376320644,7.021791767554479,1.694915254237288,0.8168613633954989,0.44554413231879075,7.1065989847715745,1.7766497461928936,0.9016685806125944,0.5272786242743963
Ver4_A_初動特化,,,,,,,,,,,,RSI前後,5.0,,,,,,,,,588.0,553.0,4.930404158980379,4.636927720945833,7.8231292517006805,2.380952380952381,1.6181988475417004,1.1315812590338836,7.956600361663653,2.5316455696202533,1.7516699575046726,1.282274447701756
Ver4_A_初動特化,,,,,,,,,,,,RSI前後,6.0,,,,,,,,,343.0,324.0,2.8760690927385544,2.716753312091229,9.329446064139942,3.498542274052478,3.124515659980962,2.2491711521339806,8.950617283950617,3.0864197530864197,2.745686879791637,1.8370486311679224
Ver4_A_初動特化,,,,,,,,,,,,RSI前後,7.0,,,,,,,,,209.0,180.0,1.752473587120577,1.5093073956062384,11.483253588516746,5.741626794258373,5.278323184357766,4.492255672339875,8.88888888888889,3.888888888888889,2.683958484729909,2.6395177669703918
Ver4_A_初動特化,,,,,,,,,,,,RSI前後,8.0,,,,,,,,,106.0,97.0,0.8888143551903405,0.8133489854100284,10.377358490566039,5.660377358490567,4.172428086407058,4.411006236572069,9.278350515463918,4.123711340206185,3.073420111304938,2.8743402182876876
Ver4_A_初動特化,,,,,,,,,,,,RSI前後,9.0,,,,,,,,,54.0,49.0,0.45279221868187153,0.4108670132483649,14.814814814814813,11.11111111111111,8.609884410655834,9.861739989192614,10.204081632653061,6.122448979591836,3.999151228494081,4.873077857673339
Ver4_B_高騰重視,,,,,,,,,,,,以上,0.0,0.0,13.0,11926.0,100.0,20.593660908938453,6.20493040415898,1.2493711219184973,2.8561901895019286,,,,,,,,,,,,
Ver4_B_高騰重視,,,,,,,,,,,,以上,1.0,1.0,13.0,4713.0,39.518698641623345,21.875663059622322,6.74729471674093,1.464035646085296,2.9667206450244006,,,,,,,,,,,,
Ver4_B_高騰重視,,,,,,,,,,,,以上,2.0,2.0,13.0,2506.0,21.012912963273518,21.22905027932961,6.664006384676775,1.7158818834796488,2.8896648044692737,,,,,,,,,,,,
Ver4_B_高騰重視,,,,,,,,,,,,以上,3.0,3.0,13.0,1914.0,16.048968639946334,21.9435736677116,7.210031347962382,1.9331243469174502,2.969989498432602,,,,,,,,,,,,
Ver4_B_高騰重視,,,,,,,,,,,,以上,4.0,4.0,13.0,1139.0,9.550561797752808,21.94907813871817,7.989464442493416,2.4582967515364356,3.1662108867427565,,,,,,,,,,,,
Ver4_B_高騰重視,,,,,,,,,,,,以上,5.0,5.0,13.0,723.0,6.062384705685058,20.885200553250346,7.330567081604427,1.9363762102351314,3.36097510373444,,,,,,,,,,,,
Ver4_B_高騰重視,,,,,,,,,,,,以上,6.0,6.0,13.0,417.0,3.4965621331544523,25.41966426858513,10.311750599520384,3.357314148681055,4.499673381294964,,,,,,,,,,,,
Ver4_B_高騰重視,,,,,,,,,,,,以上,7.0,7.0,13.0,320.0,2.683213147744424,26.5625,9.6875,4.0625,4.5509562500000005,,,,,,,,,,,,
Ver4_B_高騰重視,,,,,,,,,,,,以上,8.0,8.0,13.0,223.0,1.8698641623343955,26.905829596412556,10.762331838565023,5.381165919282512,5.404366367713004,,,,,,,,,,,,
Ver4_B_高騰重視,,,,,,,,,,,,以上,9.0,9.0,13.0,115.0,0.9642797249706524,28.695652173913043,11.304347826086957,5.217391304347826,4.076486086956522,,,,,,,,,,,,
Ver4_B_高騰重視,,,,,,,,,,,,以上,10.0,10.0,13.0,68.0,0.57018279389569,27.941176470588236,11.76470588235294,8.823529411764707,4.928527941176471,,,,,,,,,,,,
Ver4_B_高騰重視,,,,,,,,,,,,以上,11.0,11.0,13.0,47.0,0.3940969310749623,36.17021276595745,17.02127659574468,12.76595744680851,6.582195744680853,,,,,,,,,,,,
Ver4_B_高騰重視,,,,,,,,,,,,スコア別,9.0,9.0,9.0,47.0,0.3940969310749623,29.78723404255319,10.638297872340425,0.0,2.843744680851064,,,,,,,,,,,,
Ver4_B_高騰重視,,,,,,,,,,,,スコア別,8.0,8.0,8.0,108.0,0.9055844373637431,25.0,10.185185185185185,5.555555555555555,6.818312962962962,,,,,,,,,,,,
Ver4_B_高騰重視,,,,,,,,,,,,スコア別,7.0,7.0,7.0,97.0,0.8133489854100284,25.773195876288657,7.216494845360824,1.0309278350515463,2.5889927835051547,,,,,,,,,,,,
Ver4_B_高騰重視,,,,,,,,,,,,スコア別,6.0,6.0,6.0,97.0,0.8133489854100284,21.649484536082475,12.371134020618557,1.0309278350515463,4.3304927835051545,,,,,,,,,,,,
Ver4_B_高騰重視,,,,,,,,,,,,スコア別,5.0,5.0,5.0,306.0,2.5658225725306054,14.705882352941178,3.2679738562091507,0.0,1.8092196078431373,,,,,,,,,,,,
Ver4_B_高騰重視,,,,,,,,,,,,スコア別,4.0,4.0,4.0,416.0,3.488177092067751,23.798076923076923,9.134615384615383,3.3653846153846154,2.8277144230769236,,,,,,,,,,,,
Ver4_B_高騰重視,,,,,,,,,,,,スコア別,3.0,3.0,3.0,775.0,6.498406842193527,21.935483870967744,6.064516129032258,1.1612903225806452,2.68160735483871,,,,,,,,,,,,
Ver4_B_高騰重視,,,,,,,,,,,,スコア別,2.0,2.0,2.0,592.0,4.963944323327184,18.91891891891892,4.898648648648648,1.0135135135135136,2.629966385135135,,,,,,,,,,,,
Ver4_B_高騰重視,,,,,,,,,,,,スコア別,1.0,1.0,1.0,2207.0,18.505785678349824,22.609877661984594,6.841866787494336,1.1780697779791574,3.054215858631627,,,,,,,,,,,,
Ver4_B_高騰重視,,,,,,,,,,,,スコア別,0.0,0.0,0.0,7213.0,60.48130135837666,19.755996118120063,5.850547622348538,1.1091085539997227,2.783969194509913,,,,,,,,,,,,
Ver4_B_高騰重視,,,,,,,,,,,,RSI前後,0.0,,,,,,,,,11926.0,11853.0,100.0,99.3878920006708,6.20493040415898,1.2493711219184973,0.0,0.0,6.226271829916477,1.2570657217582046,0.021341425757497312,0.007694599839707328
Ver4_B_高騰重視,,,,,,,,,,,,RSI前後,1.0,,,,,,,,,4713.0,4689.0,39.518698641623345,39.31745765554251,6.74729471674093,1.464035646085296,0.5423643125819497,0.2146645241667986,6.7605033056088715,1.471529110684581,0.5555729014498914,0.22215798876608361
Ver4_B_高騰重視,,,,,,,,,,,,RSI前後,2.0,,,,,,,,,2506.0,2467.0,21.012912963273518,20.685896360892166,6.664006384676775,1.7158818834796488,0.4590759805177953,0.46651076156115145,6.6477503040129715,1.7430077016619374,0.4428198998539914,0.4936365797434401
Ver4_B_高騰重視,,,,,,,,,,,,RSI前後,3.0,,,,,,,,,1914.0,1884.0,16.048968639946334,15.797417407345296,7.210031347962382,1.9331243469174502,1.0051009438034022,0.6837532249989529,7.218683651804671,1.9639065817409767,1.013753247645691,0.7145354598224793
Ver4_B_高騰重視,,,,,,,,,,,,RSI前後,4.0,,,,,,,,,1139.0,1104.0,9.550561797752808,9.257085359718262,7.989464442493416,2.4582967515364356,1.784534038334436,1.2089256296179383,8.06159420289855,2.536231884057971,1.8566637987395707,1.2868607621394739
Ver4_B_高騰重視,,,,,,,,,,,,RSI前後,5.0,,,,,,,,,723.0,691.0,6.062384705685058,5.794063390910615,7.330567081604427,1.9363762102351314,1.1256366774454465,0.6870050883166341,7.525325615050652,2.0260492040520983,1.3203952108916717,0.776678082133601
Ver4_B_高騰重視,,,,,,,,,,,,RSI前後,6.0,,,,,,,,,417.0,409.0,3.4965621331544523,3.429481804460842,10.311750599520384,3.357314148681055,4.106820195361403,2.107943026762558,10.268948655256724,3.4229828850855744,4.064018251097743,2.1736117631670773
Ver4_B_高騰重視,,,,,,,,,,,,RSI前後,7.0,,,,,,,,,320.0,302.0,2.683213147744424,2.5322824081838,9.6875,4.0625,3.48256959584102,2.8131288780815025,9.271523178807946,3.642384105960265,3.0665927746489663,2.3930129840417678
Ver4_B_高騰重視,,,,,,,,,,,,RSI前後,8.0,,,,,,,,,223.0,195.0,1.8698641623343955,1.6350830119067583,10.762331838565023,5.381165919282512,4.557401434406043,4.131794797364014,8.205128205128204,3.5897435897435894,2.0001978009692243,2.340372467825092
Ver4_B_高騰重視,,,,,,,,,,,,RSI前後,9.0,,,,,,,,,115.0,109.0,0.9642797249706524,0.9139694784504444,11.304347826086957,5.217391304347826,5.099417421927977,3.9680201824293286,11.926605504587156,5.5045871559633035,5.721675100428176,4.255216034044806
Ver4_B_高騰重視,,,,,,,,,,,,RSI前後,10.0,,,,,,,,,68.0,63.0,0.57018279389569,0.5282575884621834,11.76470588235294,8.823529411764707,5.55977547819396,7.574158289846209,9.523809523809524,6.349206349206349,3.3188791196505436,5.099835227287851
Ver4_B_高騰重視,,,,,,,,,,,,RSI前後,11.0,,,,,,,,,47.0,42.0,0.3940969310749623,0.35217172564145566,17.02127659574468,12.76595744680851,10.816346191585701,11.516586324890014,11.904761904761903,7.142857142857142,5.699831500602923,5.893486020938645
Ver4_C_超初動,,,,,,,,,,,,以上,0.0,0.0,17.0,11926.0,100.0,20.593660908938453,6.20493040415898,1.2493711219184973,2.8561901895019286,,,,,,,,,,,,
Ver4_C_超初動,,,,,,,,,,,,以上,1.0,1.0,17.0,4713.0,39.518698641623345,21.875663059622322,6.74729471674093,1.464035646085296,2.9667206450244006,,,,,,,,,,,,
Ver4_C_超初動,,,,,,,,,,,,以上,2.0,2.0,17.0,2506.0,21.012912963273518,21.22905027932961,6.664006384676775,1.7158818834796488,2.8896648044692737,,,,,,,,,,,,
Ver4_C_超初動,,,,,,,,,,,,以上,3.0,3.0,17.0,2272.0,19.05081334898541,21.346830985915492,6.734154929577464,1.8485915492957745,2.911389876760563,,,,,,,,,,,,
Ver4_C_超初動,,,,,,,,,,,,以上,4.0,4.0,17.0,1284.0,10.766392755324501,21.339563862928348,7.78816199376947,2.258566978193146,3.1085570872274144,,,,,,,,,,,,
Ver4_C_超初動,,,,,,,,,,,,以上,5.0,5.0,17.0,1026.0,8.60305215495556,21.53996101364522,7.894736842105263,2.4366471734892787,3.145676023391813,,,,,,,,,,,,
Ver4_C_超初動,,,,,,,,,,,,以上,6.0,6.0,17.0,789.0,6.615797417407346,20.15209125475285,7.097591888466413,1.7743979721166032,3.258430291508238,,,,,,,,,,,,
Ver4_C_超初動,,,,,,,,,,,,以上,7.0,7.0,17.0,588.0,4.930404158980379,20.408163265306122,7.8231292517006805,2.380952380952381,3.6782238095238093,,,,,,,,,,,,
Ver4_C_超初動,,,,,,,,,,,,以上,8.0,8.0,17.0,377.0,3.1611604896863996,25.198938992042443,10.079575596816976,3.4482758620689653,4.300719628647215,,,,,,,,,,,,
Ver4_C_超初動,,,,,,,,,,,,以上,9.0,9.0,17.0,297.0,2.490357202750294,26.936026936026934,9.427609427609427,4.040404040404041,4.7207202020202015,,,,,,,,,,,,
Ver4_C_超初動,,,,,,,,,,,,以上,10.0,10.0,17.0,213.0,1.7860137514673822,27.230046948356808,11.267605633802818,5.633802816901409,5.618257746478872,,,,,,,,,,,,
Ver4_C_超初動,,,,,,,,,,,,以上,11.0,11.0,17.0,159.0,1.3332215327855108,32.075471698113205,14.465408805031446,7.547169811320755,7.042563522012578,,,,,,,,,,,,
Ver4_C_超初動,,,,,,,,,,,,以上,12.0,12.0,17.0,103.0,0.8636592319302364,27.184466019417474,10.679611650485436,5.825242718446602,4.05925436893204,,,,,,,,,,,,
Ver4_C_超初動,,,,,,,,,,,,以上,13.0,13.0,17.0,54.0,0.45279221868187153,31.48148148148148,14.814814814814813,11.11111111111111,5.81769814814815,,,,,,,,,,,,
Ver4_C_超初動,,,,,,,,,,,,以上,14.0,14.0,17.0,45.0,0.3773268489015596,37.77777777777778,17.77777777777778,13.333333333333334,6.772524444444445,,,,,,,,,,,,
Ver4_C_超初動,,,,,,,,,,,,スコア別,12.0,12.0,12.0,49.0,0.4108670132483649,22.448979591836736,6.122448979591836,0.0,2.1213775510204087,,,,,,,,,,,,
Ver4_C_超初動,,,,,,,,,,,,スコア別,11.0,11.0,11.0,56.0,0.46956230085527423,41.07142857142857,21.428571428571427,10.714285714285714,12.52972142857143,,,,,,,,,,,,
Ver4_C_超初動,,,,,,,,,,,,スコア別,10.0,10.0,10.0,54.0,0.45279221868187153,12.962962962962962,1.8518518518518516,0.0,1.4244685185185186,,,,,,,,,,,,
Ver4_C_超初動,,,,,,,,,,,,スコア別,9.0,9.0,9.0,84.0,0.7043434512829113,26.190476190476193,4.761904761904762,0.0,2.4448214285714287,,,,,,,,,,,,
Ver4_C_超初動,,,,,,,,,,,,スコア別,8.0,8.0,8.0,80.0,0.670803286936106,18.75,12.5,1.25,2.7414675,,,,,,,,,,,,
Ver4_C_超初動,,,,,,,,,,,,スコア別,7.0,7.0,7.0,211.0,1.7692436692939795,11.848341232227488,3.7914691943127963,0.47393364928909953,2.5659919431279623,,,,,,,,,,,,
Ver4_C_超初動,,,,,,,,,,,,スコア別,6.0,6.0,6.0,201.0,1.6853932584269662,19.402985074626866,4.975124378109453,0.0,2.0303776119402985,,,,,,,,,,,,
Ver4_C_超初動,,,,,,,,,,,,スコア別,5.0,5.0,5.0,237.0,1.987254737548214,26.160337552742618,10.548523206751055,4.641350210970464,2.770304219409282,,,,,,,,,,,,
Ver4_C_超初動,,,,,,,,,,,,スコア別,4.0,4.0,4.0,258.0,2.163340600368942,20.54263565891473,7.3643410852713185,1.550387596899225,2.9609445736434106,,,,,,,,,,,,
Ver4_C_超初動,,,,,,,,,,,,スコア別,3.0,3.0,3.0,988.0,8.284420593660908,21.356275303643724,5.364372469635628,1.3157894736842104,2.6551523279352227,,,,,,,,,,,,
Ver4_C_超初動,,,,,,,,,,,,スコア別,2.0,2.0,2.0,234.0,1.9620996142881102,20.085470085470085,5.982905982905983,0.4273504273504274,2.67872735042735,,,,,,,,,,,,
Ver4_C_超初動,,,,,,,,,,,,スコア別,1.0,1.0,1.0,2207.0,18.505785678349824,22.609877661984594,6.841866787494336,1.1780697779791574,3.054215858631627,,,,,,,,,,,,
Ver4_C_超初動,,,,,,,,,,,,スコア別,0.0,0.0,0.0,7213.0,60.48130135837666,19.755996118120063,5.850547622348538,1.1091085539997227,2.783969194509913,,,,,,,,,,,,
Ver4_C_超初動,,,,,,,,,,,,RSI前後,0.0,,,,,,,,,11926.0,11859.0,100.0,99.43820224719101,6.20493040415898,1.2493711219184973,0.0,0.0,6.231554093937095,1.2564297158276414,0.026623689778114468,0.007058593909144095
Ver4_C_超初動,,,,,,,,,,,,RSI前後,1.0,,,,,,,,,4713.0,4695.0,39.518698641623345,39.367767902062724,6.74729471674093,1.464035646085296,0.5423643125819497,0.2146645241667986,6.751863684771033,1.4696485623003195,0.5469332806120528,0.22027744038182218
Ver4_C_超初動,,,,,,,,,,,,RSI前後,2.0,,,,,,,,,2506.0,2494.0,21.012912963273518,20.912292470233105,6.664006384676775,1.7158818834796488,0.4590759805177953,0.46651076156115145,6.655974338412189,1.7241379310344827,0.4510439342532093,0.47476680911598534
Ver4_C_超初動,,,,,,,,,,,,RSI前後,3.0,,,,,,,,,2272.0,2238.0,19.05081334898541,18.765721952037566,6.734154929577464,1.8485915492957745,0.529224525418484,0.5992204273772772,6.79177837354781,1.876675603217158,0.5868479693888302,0.6273044812986608
Ver4_C_超初動,,,,,,,,,,,,RSI前後,4.0,,,,,,,,,1284.0,1270.0,10.766392755324501,10.649002180110683,7.78816199376947,2.258566978193146,1.5832315896104898,1.0091958562746488,7.716535433070866,2.283464566929134,1.5116050289118856,1.0340934450106365
Ver4_C_超初動,,,,,,,,,,,,RSI前後,5.0,,,,,,,,,1026.0,1002.0,8.60305215495556,8.401811168874728,7.894736842105263,2.4366471734892787,1.6898064379462827,1.1872760515707814,7.884231536926148,2.4950099800399204,1.6793011327671676,1.245638858121423
Ver4_C_超初動,,,,,,,,,,,,RSI前後,6.0,,,,,,,,,789.0,756.0,6.615797417407346,6.339091061546201,7.097591888466413,1.7743979721166032,0.8926614843074328,0.5250268501981059,7.142857142857142,1.8518518518518516,0.9379267386981622,0.6024807299333543
Ver4_C_超初動,,,,,,,,,,,,RSI前後,7.0,,,,,,,,,588.0,557.0,4.930404158980379,4.670467885292638,7.8231292517006805,2.380952380952381,1.6181988475417004,1.1315812590338836,8.07899461400359,2.5134649910233393,1.8740642098446108,1.264093869104842
Ver4_C_超初動,,,,,,,,,,,,RSI前後,8.0,,,,,,,,,377.0,370.0,3.1611604896863996,3.10246520207949,10.079575596816976,3.4482758620689653,3.8746451926579963,2.1989047401504678,10.27027027027027,3.5135135135135136,4.06533986611129,2.2641423915950165
Ver4_C_超初動,,,,,,,,,,,,RSI前後,9.0,,,,,,,,,297.0,285.0,2.490357202750294,2.3897367097098776,9.427609427609427,4.040404040404041,3.222679023450447,2.791032918485543,9.473684210526317,4.2105263157894735,3.2687538063673367,2.961155193870976
Ver4_C_超初動,,,,,,,,,,,,RSI前後,10.0,,,,,,,,,213.0,196.0,1.7860137514673822,1.6434680529934595,11.267605633802818,5.633802816901409,5.062675229643838,4.384431694982911,10.204081632653061,5.1020408163265305,3.999151228494081,3.852669694408033
Ver4_C_超初動,,,,,,,,,,,,RSI前後,11.0,,,,,,,,,159.0,140.0,1.3332215327855108,1.1739057521381855,14.465408805031446,7.547169811320755,8.260478400872465,6.297798689402257,11.428571428571429,5.0,5.223641024412449,3.7506288780815025
Ver4_C_超初動,,,,,,,,,,,,RSI前後,12.0,,,,,,,,,103.0,97.0,0.8636592319302364,0.8133489854100284,10.679611650485436,5.825242718446602,4.474681246326456,4.5758715965281045,11.34020618556701,6.185567010309279,5.135275781408031,4.936195888390781
Ver4_C_超初動,,,,,,,,,,,,RSI前後,13.0,,,,,,,,,54.0,51.0,0.45279221868187153,0.4276370954217676,14.814814814814813,11.11111111111111,8.609884410655834,9.861739989192614,13.725490196078432,9.803921568627452,7.520559791919452,8.554550446708955
Ver4_C_超初動,,,,,,,,,,,,RSI前後,14.0,,,,,,,,,45.0,41.0,0.3773268489015596,0.34378668455475436,17.77777777777778,13.333333333333334,11.5728473736188,12.083962211414837,14.634146341463413,9.75609756097561,8.429215937304434,8.506726439057113
