DetectionDate,SnapshotTime,Code,Name,Rank,SnapshotPrice,Change,CxV,LimitUpRoomPct,STOP3ExitType,STOP3ReturnPct,STOP3ExitTime,STOP6ExitType,STOP6ReturnPct,STOP6ExitTime,DiffStop6Vs3,MaxHighPct,MinLowPct
2026-09-04,09:30:14,3645,メディカルネット,1,282.0,11.46,49.96560000000001,,CLOSE,4.255319148936176,15:24,CLOSE,4.255319148936176,15:24,0.0,9.92907801418439,0.0
2026-09-04,09:30:14,4583,カイオム・バイオサイエンス,2,93.0,13.41,41.1687,,STOP,-3.0,09:33,TAKE,10.0,12:36,13.0,-5.376344086021501,-5.376344086021501
2026-09-04,09:30:14,4052,フィーチャ,3,865.0,20.98,32.519,,TAKE,10.0,09:56,TAKE,10.0,09:56,0.0,11.791907514450873,0.0
2026-09-07,09:30:00,2330,フォーサイド,1,97.0,12.790697674418606,117.9985742876658,19.58762886597938,TAKE,10.0,09:45,TAKE,10.0,09:45,0.0,12.371134020618557,-1.0309278350515427
2026-09-07,09:30:00,8917,ファースト住建,2,1143.0,1.871657754010703,86.98409433703587,24.40944881889764,CLOSE,-0.08748906386701893,15:24,CLOSE,-0.08748906386701893,15:24,0.0,0.0,-0.6999125109361293
2026-09-07,09:30:00,2449,プラップジャパン,3,1126.0,7.751196172248798,38.85823938594384,19.44937833037301,STOP,-3.0,10:20,CLOSE,-4.706927175843689,15:21,-1.7069271758436892,6.394316163410307,-3.818827708703376
2026-09-08,09:30:00,6147,ヤマザキ,1,234.0,25.13368983957218,510.7403526521172,1.2820512820512775,STOP,-3.0,10:45,STOP,-6.0,11:02,-3.0,0.42735042735042583,-3.8461538461538436
2026-09-08,09:30:00,2330,フォーサイド,2,137.0,24.545454545454536,36.29874908456244,16.788321167883204,TAKE,10.0,10:10,TAKE,10.0,10:10,0.0,10.948905109489049,-1.4598540145985384
2026-09-08,09:30:00,5252,日本ナレッジ,3,850.0,6.25,33.633841886269074,11.764705882352944,CLOSE,-0.588235294117645,15:24,CLOSE,-0.588235294117645,15:24,0.0,-0.23529411764705577,-2.8235294117647025
2026-09-09,09:30:00,6147,ヤマザキ,1,226.0,17.098445595854916,24.44568059338793,7.52212389380531,STOP,-3.0,11:18,STOP,-6.0,11:23,-3.0,-0.4424778761061954,-4.424778761061942
2026-09-09,09:30:00,3113,ＵＮＩＶＡ・Ｏａｋホールディングス,2,87.0,4.819277108433728,18.94944101616375,29.88505747126437,CLOSE,-1.1494252873563204,15:24,CLOSE,-1.1494252873563204,15:24,0.0,1.1494252873563315,-2.298850574712641
2026-09-09,09:30:00,4880,セルソース,3,345.0,3.293413173652704,13.94626254449356,20.0,STOP,-3.0,09:47,STOP,-6.0,10:30,-3.0,-1.449275362318836,-3.4782608695652195
2026-09-10,09:31:00,4883,モダリス,1,45.0,25.0,384.04202263758185,46.66666666666666,STOP,-3.0,09:32,TAKE,10.0,09:47,13.0,0.0,-4.444444444444439
2026-09-10,09:31:00,2321,ソフトフロントホールディングス,2,225.0,19.047619047619047,42.88612845538153,6.222222222222218,STOP,-3.0,09:32,STOP,-6.0,09:32,-3.0,-8.888888888888891,-11.111111111111116
2026-09-10,09:31:00,7709,クボテック,3,80.0,31.147540983606547,42.3205790147709,13.749999999999996,STOP,-3.0,09:40,STOP,-6.0,09:41,-3.0,1.2499999999999956,-3.749999999999998
2026-09-11,09:30:00,7475,アルビス,1,3770.0,1.8918918918918948,20.973462149932768,16.71087533156499,CLOSE,0.13262599469496816,15:24,CLOSE,0.13262599469496816,15:24,0.0,0.13262599469496816,-0.13262599469495706
2026-09-11,09:30:00,3187,ミラタップ,2,388.0,6.593406593406592,15.050167224080264,14.432989690721644,CLOSE,6.443298969072164,15:24,CLOSE,6.443298969072164,15:24,0.0,7.989690721649478,-2.0618556701030966
2026-09-11,09:30:00,6696,トラース・オン・プロダクト,3,311.0,4.36241610738255,13.636014770217374,21.543408360128623,CLOSE,6.430868167202575,15:23,CLOSE,6.430868167202575,15:23,0.0,6.7524115755627,-1.9292604501607746
2026-09-15,09:30:00,3823,ＴＨＥ　ＷＨＹ　ＨＯＷ　ＤＯ　ＣＯＭＰＡＮＹ,1,39.0,25.806451612903224,393.89636621802686,56.41025641025641,TAKE,10.0,09:31,TAKE,10.0,09:31,0.0,10.256410256410264,7.692307692307687
2026-09-15,09:30:00,5071,ヴィス,2,1441.0,3.968253968253976,158.33333333333363,17.00208188757808,CLOSE,1.3185287994448291,15:24,CLOSE,1.3185287994448291,15:24,0.0,1.873698820263714,0.5551700208188848
2026-09-15,09:30:00,2424,ブラス,3,643.0,7.705192629815749,127.8155483298848,8.39813374805598,CLOSE,-0.15552099533436836,15:24,CLOSE,-0.15552099533436836,15:24,0.0,2.488335925349916,-2.799377916018664
