DetectionDate,Code,Name,BasePrice,DetectionOpen,DetectionHigh,DetectionLow,DetectionClose,Prev20High,Prev30High,Breakout20Pct,New30HighPct,CloseVs30HighPct,RoomTo20HighPct,RoomTo30HighPct,HighToCloseFade,ResistanceGapPct,InitialScore,Change1,Change5,Change20,VolumeRatio,VolumeRatio20,RSI,ATR,MA25Deviation,BreakoutSignal,New30High,Pre5Date,Pre5Open,Pre5High,Pre5Low,Pre5Close,Pre5Volume,Pre4Date,Pre4Open,Pre4High,Pre4Low,Pre4Close,Pre4Volume,Pre3Date,Pre3Open,Pre3High,Pre3Low,Pre3Close,Pre3Volume,Pre2Date,Pre2Open,Pre2High,Pre2Low,Pre2Close,Pre2Volume,Pre1Date,Pre1Open,Pre1High,Pre1Low,Pre1Close,Pre1Volume,Day1Date,Day1Open,Day1OpenPct,Day1High,Day1HighPct,Day1Low,Day1LowPct,Day1Close,Day1ClosePct,Day2Date,Day2Open,Day2OpenPct,Day2High,Day2HighPct,Day2Low,Day2LowPct,Day2Close,Day2ClosePct,Day3Date,Day3Open,Day3OpenPct,Day3High,Day3HighPct,Day3Low,Day3LowPct,Day3Close,Day3ClosePct,Day4Date,Day4Open,Day4OpenPct,Day4High,Day4HighPct,Day4Low,Day4LowPct,Day4Close,Day4ClosePct,Day5Date,Day5Open,Day5OpenPct,Day5High,Day5HighPct,Day5Low,Day5LowPct,Day5Close,Day5ClosePct
2026-08-17,247A,Ａｉロボティクス,999.0,966.0,1016.0,945.0,999.0,874.0,906.0,14.302059496567509,12.141280353200878,10.264900662251652,0.9237875288683695,4.618937644341803,-1.8763796909492267,3.661327231121292,7,15.36,20.8,24.72,3.03,5.77,72.51,42.86,20.85,True,True,2026-08-07,854.0,861.0,825.0,827.0,340600,2026-08-10,833.0,857.0,819.0,848.0,638100,2026-08-12,842.0,848.0,823.0,840.0,565500,2026-08-13,835.0,845.0,826.0,828.0,656200,2026-08-14,835.0,874.0,827.0,866.0,1690800,2026-08-18,1000.0,0.1,1066.0,6.71,942.0,-5.71,952.0,-4.7,2026-08-19,939.0,-6.01,948.0,-5.11,901.0,-9.81,910.0,-8.91,2026-08-20,940.0,-5.91,989.0,-1.0,928.0,-7.11,973.0,-2.6,2026-08-21,958.0,-4.1,976.0,-2.3,947.0,-5.21,963.0,-3.6,2026-08-24,970.0,-2.9,1015.0,1.6,970.0,-2.9,984.0,-1.5
2026-08-17,3195,ジェネレーションパス,638.0,593.0,638.0,592.0,638.0,605.0,605.0,5.454545454545445,5.454545454545445,5.454545454545445,1.340033500837512,1.340033500837512,0.0,0.0,7,6.87,19.48,10.0,3.22,3.7,60.55,22.93,13.86,True,True,2026-08-07,539.0,544.0,533.0,534.0,8700,2026-08-10,539.0,544.0,535.0,542.0,6900,2026-08-12,544.0,575.0,544.0,575.0,25500,2026-08-13,580.0,583.0,563.0,579.0,25100,2026-08-14,580.0,597.0,579.0,597.0,29400,2026-08-18,642.0,0.63,645.0,1.1,629.0,-1.41,635.0,-0.47,2026-08-19,636.0,-0.31,649.0,1.72,620.0,-2.82,636.0,-0.31,2026-08-20,644.0,0.94,646.0,1.25,637.0,-0.16,642.0,0.63,2026-08-21,634.0,-0.63,650.0,1.88,630.0,-1.25,650.0,1.88,2026-08-24,650.0,1.88,654.0,2.51,643.0,0.78,649.0,1.72
2026-08-17,3691,デジタルプラス,1868.0,1643.0,1877.0,1612.0,1868.0,1715.0,1737.0,8.921282798833818,8.059873344847436,7.541738629821526,12.606697307944836,14.05121470781352,-0.5181347150259095,1.282798833819232,7,22.65,23.63,12.33,3.96,7.44,66.58,84.86,18.62,True,True,2026-08-07,1522.0,1530.0,1490.0,1511.0,5400,2026-08-10,1503.0,1546.0,1483.0,1484.0,20100,2026-08-12,1482.0,1535.0,1482.0,1514.0,6400,2026-08-13,1502.0,1550.0,1502.0,1544.0,6000,2026-08-14,1550.0,1587.0,1517.0,1523.0,16300,2026-08-18,1805.0,-3.37,1923.0,2.94,1805.0,-3.37,1856.0,-0.64,2026-08-19,1816.0,-2.78,1906.0,2.03,1753.0,-6.16,1849.0,-1.02,2026-08-20,1814.0,-2.89,1886.0,0.96,1802.0,-3.53,1870.0,0.11,2026-08-21,1830.0,-2.03,1868.0,0.0,1795.0,-3.91,1856.0,-0.64,2026-08-24,1855.0,-0.7,1900.0,1.71,1842.0,-1.39,1880.0,0.64
2026-08-17,3936,グローバルウェイ,185.0,167.0,206.0,165.0,185.0,173.0,173.0,6.936416184971095,19.075144508670515,6.936416184971095,5.487804878048785,5.487804878048785,-12.138728323699421,0.0,7,12.8,19.35,13.5,4.51,10.63,72.41,8.36,16.32,True,True,2026-08-07,159.0,159.0,153.0,155.0,101500,2026-08-10,156.0,161.0,156.0,160.0,160600,2026-08-12,157.0,161.0,157.0,160.0,64000,2026-08-13,160.0,160.0,158.0,160.0,53100,2026-08-14,161.0,167.0,159.0,164.0,319900,2026-08-18,185.0,0.0,200.0,8.11,163.0,-11.89,164.0,-11.35,2026-08-19,162.0,-12.43,164.0,-11.35,156.0,-15.68,157.0,-15.14,2026-08-20,161.0,-12.97,165.0,-10.81,158.0,-14.59,164.0,-11.35,2026-08-21,161.0,-12.97,164.0,-11.35,156.0,-15.68,161.0,-12.97,2026-08-24,160.0,-13.51,161.0,-12.97,155.0,-16.22,157.0,-15.14
2026-08-17,3970,イノベーション,872.0,975.0,975.0,863.0,872.0,837.0,837.0,4.1816009557944955,16.48745519713262,4.1816009557944955,1.454545454545464,1.454545454545464,-12.305854241338123,0.0,7,5.7,11.22,5.95,4.92,17.93,72.3,18.64,8.74,True,True,2026-08-07,784.0,784.0,784.0,784.0,0,2026-08-10,800.0,827.0,799.0,827.0,1600,2026-08-12,827.0,827.0,827.0,827.0,100,2026-08-13,827.0,827.0,827.0,827.0,0,2026-08-14,828.0,837.0,825.0,825.0,900,2026-08-18,890.0,2.06,890.0,2.06,840.0,-3.67,871.0,-0.11,2026-08-19,860.0,-1.38,878.0,0.69,854.0,-2.06,859.0,-1.49,2026-08-20,859.0,-1.49,868.0,-0.46,859.0,-1.49,863.0,-1.03,2026-08-21,863.0,-1.03,876.0,0.46,863.0,-1.03,872.0,0.0,2026-08-24,882.0,1.15,882.0,1.15,850.0,-2.52,850.0,-2.52
2026-08-17,500A,ＴＯブックス,3230.0,3045.0,3230.0,3045.0,3230.0,3095.0,3095.0,4.3618739903069415,4.3618739903069415,4.3618739903069415,2.3140495867768562,2.3140495867768562,0.0,0.0,7,6.78,8.72,8.57,3.33,3.1,70.15,80.36,7.89,True,True,2026-08-07,3015.0,3050.0,2971.0,2971.0,5300,2026-08-10,2976.0,3005.0,2976.0,2986.0,1300,2026-08-12,2989.0,3090.0,2989.0,3065.0,4400,2026-08-13,3075.0,3075.0,3020.0,3020.0,2400,2026-08-14,3025.0,3050.0,3025.0,3025.0,800,2026-08-18,3170.0,-1.86,3230.0,0.0,3170.0,-1.86,3230.0,0.0,2026-08-19,3175.0,-1.7,3225.0,-0.15,3145.0,-2.63,3215.0,-0.46,2026-08-20,3145.0,-2.63,3295.0,2.01,3110.0,-3.72,3295.0,2.01,2026-08-21,3225.0,-0.15,3280.0,1.55,3225.0,-0.15,3245.0,0.46,2026-08-24,3240.0,0.31,3285.0,1.7,3240.0,0.31,3285.0,1.7
2026-08-17,6071,ＩＢＪ,940.0,888.0,955.0,882.0,940.0,890.0,890.0,5.617977528089879,7.303370786516861,5.617977528089879,5.826397146254458,5.826397146254458,-1.6853932584269815,0.0,7,11.77,13.66,9.68,3.72,8.79,80.75,23.29,12.07,True,True,2026-08-07,830.0,831.0,822.0,827.0,96000,2026-08-10,827.0,840.0,824.0,835.0,140200,2026-08-12,841.0,856.0,837.0,852.0,171200,2026-08-13,852.0,858.0,846.0,857.0,146100,2026-08-14,851.0,851.0,827.0,841.0,339900,2026-08-18,942.0,0.21,976.0,3.83,933.0,-0.74,963.0,2.45,2026-08-19,965.0,2.66,966.0,2.77,922.0,-1.91,924.0,-1.7,2026-08-20,930.0,-1.06,950.0,1.06,921.0,-2.02,948.0,0.85,2026-08-21,950.0,1.06,970.0,3.19,938.0,-0.21,955.0,1.6,2026-08-24,967.0,2.87,970.0,3.19,943.0,0.32,947.0,0.74
2026-08-17,6276,シリウスビジョン,382.0,334.0,422.0,333.0,382.0,361.0,361.0,5.817174515235468,16.89750692520775,5.817174515235468,0.8379888268156499,0.8379888268156499,-11.080332409972282,0.0,7,6.7,19.0,19.38,3.98,13.31,84.26,17.29,20.11,True,True,2026-08-07,321.0,322.0,315.0,321.0,13300,2026-08-10,323.0,333.0,318.0,325.0,30900,2026-08-12,325.0,328.0,320.0,322.0,29400,2026-08-13,323.0,356.0,323.0,356.0,129600,2026-08-14,351.0,361.0,340.0,358.0,132100,2026-08-18,390.0,2.09,452.0,18.32,380.0,-0.52,425.0,11.26,2026-08-19,424.0,10.99,452.0,18.32,389.0,1.83,400.0,4.71,2026-08-20,403.0,5.5,421.0,10.21,390.0,2.09,405.0,6.02,2026-08-21,405.0,6.02,425.0,11.26,364.0,-4.71,366.0,-4.19,2026-08-24,379.0,-0.79,406.0,6.28,366.0,-4.19,394.0,3.14
2026-08-17,7695,交換できるくん,864.0,810.0,873.0,800.0,864.0,791.0,795.0,9.228824273072057,9.811320754716979,8.679245283018865,2.994791666666674,3.515625,-1.1320754716981138,0.5056890012642201,7,12.5,17.55,12.06,3.45,8.91,79.15,27.5,16.0,True,True,2026-08-07,725.0,735.0,720.0,735.0,4800,2026-08-10,735.0,741.0,729.0,741.0,6700,2026-08-12,745.0,791.0,740.0,756.0,24800,2026-08-13,780.0,780.0,743.0,743.0,8900,2026-08-14,760.0,775.0,758.0,768.0,10200,2026-08-18,849.0,-1.74,853.0,-1.27,842.0,-2.55,842.0,-2.55,2026-08-19,841.0,-2.66,869.0,0.58,837.0,-3.12,855.0,-1.04,2026-08-20,843.0,-2.43,886.0,2.55,843.0,-2.43,873.0,1.04,2026-08-21,872.0,0.93,880.0,1.85,855.0,-1.04,855.0,-1.04,2026-08-24,855.0,-1.04,876.0,1.39,854.0,-1.16,869.0,0.58
2026-08-17,3053,ペッパーフードサービス,216.0,201.0,220.0,201.0,216.0,197.0,197.0,9.644670050761416,11.675126903553302,9.644670050761416,0.5102040816326481,0.5102040816326481,-2.030456852791886,0.0,6,10.2,13.68,18.03,3.26,6.73,86.05,4.71,15.48,True,True,2026-08-07,189.0,191.0,188.0,190.0,252200,2026-08-10,191.0,193.0,190.0,193.0,173200,2026-08-12,194.0,195.0,191.0,194.0,263800,2026-08-13,194.0,196.0,193.0,196.0,203500,2026-08-14,194.0,197.0,194.0,196.0,298500,2026-08-18,214.0,-0.93,214.0,-0.93,205.0,-5.09,211.0,-2.31,2026-08-19,211.0,-2.31,213.0,-1.39,204.0,-5.56,208.0,-3.7,2026-08-20,206.0,-4.63,211.0,-2.31,202.0,-6.48,210.0,-2.78,2026-08-21,210.0,-2.78,211.0,-2.31,206.0,-4.63,210.0,-2.78,2026-08-24,211.0,-2.31,212.0,-1.85,208.0,-3.7,209.0,-3.24
2026-08-17,3933,チエル,588.0,555.0,602.0,541.0,588.0,515.0,515.0,14.174757281553397,16.893203883495154,14.174757281553397,1.1787819253438192,1.1787819253438192,-2.718446601941757,0.0,6,15.52,15.75,22.25,3.88,9.62,85.43,16.14,19.78,True,True,2026-08-07,506.0,512.0,498.0,508.0,10500,2026-08-10,510.0,515.0,495.0,499.0,18000,2026-08-12,503.0,506.0,498.0,506.0,4100,2026-08-13,510.0,510.0,504.0,504.0,3900,2026-08-14,503.0,515.0,503.0,509.0,7400,2026-08-18,588.0,0.0,588.0,0.0,565.0,-3.91,575.0,-2.21,2026-08-19,575.0,-2.21,575.0,-2.21,550.0,-6.46,557.0,-5.27,2026-08-20,567.0,-3.57,570.0,-3.06,561.0,-4.59,565.0,-3.91,2026-08-21,558.0,-5.1,565.0,-3.91,541.0,-7.99,541.0,-7.99,2026-08-24,551.0,-6.29,561.0,-4.59,547.0,-6.97,561.0,-4.59
2026-08-17,6092,エンバイオ・ホールディングス,900.0,819.0,915.0,817.0,900.0,782.0,782.0,15.089514066496168,17.0076726342711,15.089514066496168,1.033591731266159,1.033591731266159,-1.918158567774931,0.0,6,16.28,18.42,23.63,4.32,10.07,88.84,26.07,22.06,True,True,2026-08-07,752.0,770.0,748.0,760.0,25500,2026-08-10,768.0,776.0,759.0,763.0,13000,2026-08-12,770.0,775.0,762.0,767.0,13200,2026-08-13,770.0,770.0,757.0,757.0,12900,2026-08-14,756.0,782.0,756.0,774.0,17000,2026-08-18,899.0,-0.11,920.0,2.22,877.0,-2.56,884.0,-1.78,2026-08-19,877.0,-2.56,877.0,-2.56,855.0,-5.0,864.0,-4.0,2026-08-20,862.0,-4.22,881.0,-2.11,857.0,-4.78,868.0,-3.56,2026-08-21,868.0,-3.56,870.0,-3.33,861.0,-4.33,862.0,-4.22,2026-08-24,870.0,-3.33,878.0,-2.44,862.0,-4.22,864.0,-4.0
2026-08-18,3054,ハイパー,321.0,243.0,321.0,240.0,321.0,319.0,319.0,0.6269592476489061,0.6269592476489061,0.6269592476489061,32.365145228215766,32.365145228215766,0.0,0.0,7,33.2,34.31,33.75,4.51,4.7,65.96,16.14,30.79,True,True,2026-08-10,242.0,242.0,239.0,239.0,15800,2026-08-12,238.0,242.0,238.0,241.0,15400,2026-08-13,240.0,242.0,234.0,235.0,51200,2026-08-14,238.0,250.0,236.0,240.0,55900,2026-08-17,240.0,243.0,240.0,241.0,13700,2026-08-19,350.0,9.03,361.0,12.46,333.0,3.74,360.0,12.15,2026-08-20,358.0,11.53,379.0,18.07,345.0,7.48,373.0,16.2,2026-08-21,365.0,13.71,377.0,17.45,360.0,12.15,370.0,15.26,2026-08-24,375.0,16.82,375.0,16.82,353.0,9.97,356.0,10.9,2026-08-25,357.0,11.21,363.0,13.08,353.0,9.97,358.0,11.53
2026-08-18,8070,東京産業,948.0,920.0,967.0,916.0,948.0,895.0,895.0,5.921787709497206,8.04469273743016,5.921787709497206,2.052451539338662,2.052451539338662,-2.122905027932953,0.0,7,8.1,9.85,15.05,3.05,7.09,83.63,23.64,11.64,True,True,2026-08-10,855.0,875.0,855.0,863.0,57800,2026-08-12,866.0,873.0,864.0,869.0,40500,2026-08-13,869.0,878.0,866.0,875.0,64700,2026-08-14,879.0,895.0,874.0,889.0,234900,2026-08-17,852.0,881.0,848.0,877.0,140500,2026-08-19,952.0,0.42,955.0,0.74,926.0,-2.32,934.0,-1.48,2026-08-20,936.0,-1.27,949.0,0.11,921.0,-2.85,939.0,-0.95,2026-08-21,938.0,-1.05,941.0,-0.74,926.0,-2.32,938.0,-1.05,2026-08-24,938.0,-1.05,951.0,0.32,930.0,-1.9,938.0,-1.05,2026-08-25,943.0,-0.53,947.0,-0.11,932.0,-1.69,946.0,-0.21
2026-08-18,4416,Ｔｒｕｅ　Ｄａｔａ,434.0,410.0,466.0,396.0,434.0,455.0,462.0,-4.61538461538461,0.8658008658008587,-6.060606060606055,17.87564766839378,19.68911917098446,-6.926406926406914,1.538461538461533,6,12.44,11.0,-0.91,4.28,14.41,55.91,18.21,3.99,False,True,2026-08-10,396.0,396.0,391.0,391.0,900,2026-08-12,395.0,413.0,391.0,413.0,2300,2026-08-13,392.0,395.0,388.0,393.0,29100,2026-08-14,390.0,391.0,386.0,387.0,6600,2026-08-17,387.0,393.0,385.0,386.0,18400,2026-08-19,410.0,-5.53,420.0,-3.23,400.0,-7.83,401.0,-7.6,2026-08-20,400.0,-7.83,410.0,-5.53,400.0,-7.83,410.0,-5.53,2026-08-21,404.0,-6.91,411.0,-5.3,391.0,-9.91,400.0,-7.83,2026-08-24,405.0,-6.68,409.0,-5.76,402.0,-7.37,407.0,-6.22,2026-08-25,408.0,-5.99,414.0,-4.61,405.0,-6.68,406.0,-6.45
2026-08-18,4769,ＩＣ,1153.0,1136.0,1169.0,1133.0,1153.0,1140.0,1172.0,1.140350877192975,-0.25597269624573205,-1.6211604095563104,3.825136612021862,6.739526411657559,-1.3651877133105783,2.807017543859658,6,5.01,2.13,3.13,3.8,5.47,65.53,16.57,3.41,True,False,2026-08-10,1130.0,1130.0,1120.0,1129.0,2900,2026-08-12,1129.0,1129.0,1129.0,1129.0,0,2026-08-13,1110.0,1110.0,1110.0,1110.0,200,2026-08-14,1110.0,1110.0,1093.0,1093.0,600,2026-08-17,1100.0,1100.0,1098.0,1098.0,500,2026-08-19,1165.0,1.04,1166.0,1.13,1155.0,0.17,1155.0,0.17,2026-08-20,1157.0,0.35,1157.0,0.35,1147.0,-0.52,1155.0,0.17,2026-08-21,1155.0,0.17,1155.0,0.17,1155.0,0.17,1155.0,0.17,2026-08-24,1125.0,-2.43,1125.0,-2.43,1125.0,-2.43,1125.0,-2.43,2026-08-25,1155.0,0.17,1155.0,0.17,1136.0,-1.47,1136.0,-1.47
2026-08-19,2926,篠崎屋,127.0,118.0,137.0,117.0,127.0,125.0,125.0,1.6000000000000014,9.600000000000009,1.6000000000000014,5.932203389830515,5.932203389830515,-8.000000000000007,0.0,7,7.63,7.63,17.59,3.5,6.16,65.79,5.71,10.59,True,True,2026-08-12,114.0,119.0,114.0,118.0,106700,2026-08-13,118.0,119.0,116.0,119.0,95500,2026-08-14,119.0,120.0,117.0,119.0,116100,2026-08-17,124.0,124.0,116.0,118.0,263800,2026-08-18,119.0,121.0,118.0,118.0,167800,2026-08-20,126.0,-0.79,128.0,0.79,122.0,-3.94,125.0,-1.57,2026-08-21,122.0,-3.94,129.0,1.57,122.0,-3.94,125.0,-1.57,2026-08-24,125.0,-1.57,129.0,1.57,124.0,-2.36,124.0,-2.36,2026-08-25,125.0,-1.57,134.0,5.51,125.0,-1.57,129.0,1.57,2026-08-26,129.0,1.57,131.0,3.15,128.0,0.79,129.0,1.57
2026-08-19,335A,ミライロ,408.0,336.0,410.0,336.0,408.0,346.0,357.0,17.919075144508678,14.845938375350132,14.28571428571428,4.8484848484848575,8.18181818181818,-0.5602240896358524,3.1791907514450823,7,23.64,22.89,22.89,4.7,17.43,81.1,14.57,21.34,True,True,2026-08-12,329.0,336.0,329.0,332.0,7400,2026-08-13,335.0,337.0,330.0,335.0,12500,2026-08-14,311.0,321.0,311.0,321.0,29800,2026-08-17,324.0,327.0,318.0,326.0,19700,2026-08-18,336.0,336.0,325.0,330.0,19200,2026-08-20,400.0,-1.96,400.0,-1.96,361.0,-11.52,368.0,-9.8,2026-08-21,370.0,-9.31,377.0,-7.6,352.0,-13.73,366.0,-10.29,2026-08-24,364.0,-10.78,364.0,-10.78,350.0,-14.22,352.0,-13.73,2026-08-25,360.0,-11.76,365.0,-10.54,354.0,-13.24,359.0,-12.01,2026-08-26,357.0,-12.5,359.0,-12.01,346.0,-15.2,349.0,-14.46
2026-08-19,7681,レオクラン,1056.0,970.0,1074.0,970.0,1056.0,976.0,976.0,8.196721311475418,10.040983606557386,8.196721311475418,3.2804232804232836,3.2804232804232836,-1.8442622950819683,0.0,7,11.75,9.32,8.31,4.86,15.29,78.21,15.57,9.7,True,True,2026-08-12,966.0,966.0,966.0,966.0,0,2026-08-13,966.0,966.0,966.0,966.0,0,2026-08-14,966.0,966.0,966.0,966.0,100,2026-08-17,966.0,966.0,966.0,966.0,0,2026-08-18,939.0,954.0,939.0,945.0,800,2026-08-20,1056.0,0.0,1060.0,0.38,1022.0,-3.22,1046.0,-0.95,2026-08-21,1044.0,-1.14,1044.0,-1.14,1015.0,-3.88,1043.0,-1.23,2026-08-24,1013.0,-4.07,1016.0,-3.79,985.0,-6.72,1005.0,-4.83,2026-08-25,1005.0,-4.83,1005.0,-4.83,959.0,-9.19,999.0,-5.4,2026-08-26,987.0,-6.53,1029.0,-2.56,984.0,-6.82,1029.0,-2.56
2026-08-19,6822,大井電気,5240.0,5200.0,5650.0,5200.0,5240.0,5600.0,5600.0,-6.428571428571428,0.8928571428571397,-6.428571428571428,13.131313131313128,13.131313131313128,-7.321428571428568,0.0,6,5.86,10.78,-3.5,4.27,9.24,45.15,197.5,2.55,False,True,2026-08-12,4780.0,4780.0,4725.0,4730.0,1700,2026-08-13,4730.0,4785.0,4730.0,4730.0,2900,2026-08-14,4730.0,4780.0,4720.0,4730.0,3900,2026-08-17,4735.0,4825.0,4735.0,4800.0,2800,2026-08-18,4780.0,4950.0,4780.0,4950.0,5200,2026-08-20,5240.0,0.0,5240.0,0.0,5020.0,-4.2,5050.0,-3.63,2026-08-21,5050.0,-3.63,5050.0,-3.63,4890.0,-6.68,4950.0,-5.53,2026-08-24,4950.0,-5.53,5150.0,-1.72,4950.0,-5.53,5040.0,-3.82,2026-08-25,5040.0,-3.82,5040.0,-3.82,4980.0,-4.96,5000.0,-4.58,2026-08-26,5000.0,-4.58,5000.0,-4.58,4980.0,-4.96,4980.0,-4.96
2026-08-20,3672,オルトプラス,31.0,29.0,34.0,28.0,31.0,30.0,31.0,3.3333333333333437,9.677419354838701,0.0,3.4482758620689724,6.896551724137923,-9.677419354838701,3.3333333333333437,7,6.9,19.23,10.71,3.35,5.87,70.0,2.0,11.03,True,True,2026-08-13,27.0,27.0,26.0,26.0,133600,2026-08-14,26.0,28.0,26.0,28.0,123700,2026-08-17,27.0,28.0,27.0,28.0,161500,2026-08-18,28.0,28.0,27.0,27.0,92100,2026-08-19,27.0,30.0,27.0,29.0,337000,2026-08-21,31.0,0.0,33.0,6.45,27.0,-12.9,29.0,-6.45,2026-08-24,29.0,-6.45,30.0,-3.23,27.0,-12.9,28.0,-9.68,2026-08-25,28.0,-9.68,31.0,0.0,27.0,-12.9,29.0,-6.45,2026-08-26,30.0,-3.23,30.0,-3.23,29.0,-6.45,30.0,-3.23,2026-08-27,29.0,-6.45,30.0,-3.23,29.0,-6.45,29.0,-6.45
2026-08-20,264A,Ｓｃｈｏｏ,349.0,308.0,385.0,300.0,349.0,352.0,361.0,-0.8522727272727293,6.648199445983383,-3.3240997229916913,15.409836065573778,18.36065573770491,-9.972299168975074,2.556818181818188,6,14.43,10.79,20.76,3.69,8.43,67.49,27.5,16.32,False,True,2026-08-13,320.0,326.0,315.0,315.0,86200,2026-08-14,315.0,335.0,311.0,321.0,140700,2026-08-17,273.0,292.0,270.0,292.0,264000,2026-08-18,292.0,292.0,284.0,285.0,43600,2026-08-19,284.0,328.0,284.0,305.0,383100,2026-08-21,336.0,-3.72,343.0,-1.72,322.0,-7.74,333.0,-4.58,2026-08-24,349.0,0.0,355.0,1.72,311.0,-10.89,319.0,-8.6,2026-08-25,320.0,-8.31,326.0,-6.59,312.0,-10.6,320.0,-8.31,2026-08-26,324.0,-7.16,325.0,-6.88,315.0,-9.74,316.0,-9.46,2026-08-27,315.0,-9.74,320.0,-8.31,311.0,-10.89,313.0,-10.32
2026-08-20,3189,ＡＮＡＰホールディングス,113.0,117.0,135.0,111.0,113.0,123.0,123.0,-8.130081300813007,9.756097560975618,-8.130081300813007,14.953271028037385,14.953271028037385,-17.886178861788625,0.0,6,5.61,7.62,11.88,4.14,12.52,73.33,7.71,9.5,False,True,2026-08-13,106.0,108.0,105.0,105.0,21600,2026-08-14,107.0,123.0,107.0,110.0,305000,2026-08-17,112.0,115.0,110.0,111.0,68100,2026-08-18,111.0,116.0,110.0,111.0,56300,2026-08-19,111.0,116.0,107.0,107.0,102400,2026-08-21,135.0,19.47,163.0,44.25,130.0,15.04,163.0,44.25,2026-08-24,170.0,50.44,190.0,68.14,146.0,29.2,159.0,40.71,2026-08-25,156.0,38.05,168.0,48.67,148.0,30.97,150.0,32.74,2026-08-26,139.0,23.01,139.0,23.01,120.0,6.19,122.0,7.96,2026-08-27,123.0,8.85,124.0,9.73,109.0,-3.54,114.0,0.88
2026-08-21,4833,Ｄｅｆ　ｃｏｎｓｕｌｔｉｎｇ,70.0,55.0,77.0,54.0,70.0,52.0,64.0,34.61538461538463,20.3125,9.375,0.0,23.076923076923084,-10.9375,23.076923076923084,7,34.62,52.17,48.94,3.98,11.08,84.21,4.5,51.25,True,True,2026-08-14,45.0,48.0,44.0,46.0,1319900,2026-08-17,45.0,46.0,44.0,45.0,723200,2026-08-18,45.0,48.0,45.0,46.0,844700,2026-08-19,47.0,47.0,43.0,44.0,911700,2026-08-20,48.0,52.0,48.0,52.0,4631300,2026-08-24,73.0,4.29,77.0,10.0,63.0,-10.0,69.0,-1.43,2026-08-25,68.0,-2.86,75.0,7.14,68.0,-2.86,70.0,0.0,2026-08-26,65.0,-7.14,65.0,-7.14,58.0,-17.14,58.0,-17.14,2026-08-27,62.0,-11.43,65.0,-7.14,57.0,-18.57,58.0,-17.14,2026-08-28,60.0,-14.29,68.0,-2.86,58.0,-17.14,60.0,-14.29
2026-08-21,6543,日宣,1292.0,1430.0,1450.0,1263.0,1303.0,1220.0,1220.0,6.803278688524594,18.852459016393453,6.803278688524594,0.0,0.0,-12.049180327868859,0.0,7,5.9,8.39,9.03,4.64,13.8,84.38,29.93,7.97,True,True,2026-08-14,1204.0,1204.0,1185.0,1192.0,3800,2026-08-17,1193.0,1208.0,1193.0,1205.0,3600,2026-08-18,1200.0,1215.0,1199.0,1215.0,1700,2026-08-19,1216.0,1217.0,1205.0,1210.0,1000,2026-08-20,1216.0,1220.0,1216.0,1220.0,1000,2026-08-24,1280.0,-0.93,1295.0,0.23,1250.0,-3.25,1274.0,-1.39,2026-08-25,1277.0,-1.16,1277.0,-1.16,1259.0,-2.55,1264.0,-2.17,2026-08-26,1265.0,-2.09,1288.0,-0.31,1265.0,-2.09,1288.0,-0.31,2026-08-27,1277.0,-1.16,1300.0,0.62,1271.0,-1.63,1300.0,0.62,2026-08-28,1254.0,-2.94,1269.0,-1.78,1224.0,-5.26,1225.0,-5.19
2026-08-21,296A,令和アカウンティング・ホールディングス,1087.0,931.0,1087.0,927.0,1087.0,955.0,998.0,13.821989528795807,8.917835671342678,8.917835671342678,1.9210245464247544,6.510138740661686,0.0,4.502617801047126,6,16.01,17.13,19.58,4.05,7.65,86.86,34.43,21.52,True,True,2026-08-14,893.0,932.0,892.0,928.0,60700,2026-08-17,928.0,942.0,912.0,915.0,40600,2026-08-18,939.0,955.0,922.0,934.0,48500,2026-08-19,921.0,931.0,904.0,918.0,34400,2026-08-20,924.0,938.0,924.0,937.0,11600,2026-08-24,1086.0,-0.09,1140.0,4.88,1020.0,-6.16,1122.0,3.22,2026-08-25,1105.0,1.66,1138.0,4.69,1082.0,-0.46,1124.0,3.4,2026-08-26,1124.0,3.4,1156.0,6.35,1095.0,0.74,1101.0,1.29,2026-08-27,1122.0,3.22,1170.0,7.64,1102.0,1.38,1145.0,5.34,2026-08-28,1151.0,5.89,1182.0,8.74,1143.0,5.15,1161.0,6.81
2026-08-21,456A,ＨＵＭＡＮ　ＭＡＤＥ,1662.0,1592.0,1662.0,1551.0,1662.0,1490.0,1698.0,11.543624161073819,-2.1201413427561877,-2.1201413427561877,9.39794419970632,24.669603524229068,0.0,13.959731543624155,6,22.03,16.31,12.3,3.4,6.03,75.87,82.64,17.98,True,False,2026-08-14,1416.0,1429.0,1371.0,1429.0,165400,2026-08-17,1443.0,1469.0,1395.0,1405.0,161500,2026-08-18,1405.0,1415.0,1351.0,1358.0,235800,2026-08-19,1329.0,1379.0,1325.0,1358.0,184200,2026-08-20,1388.0,1415.0,1339.0,1362.0,448500,2026-08-24,1660.0,-0.12,1699.0,2.23,1637.0,-1.5,1657.0,-0.3,2026-08-25,1706.0,2.65,1731.0,4.15,1671.0,0.54,1721.0,3.55,2026-08-26,1790.0,7.7,1799.0,8.24,1672.0,0.6,1678.0,0.96,2026-08-27,1678.0,0.96,1681.0,1.14,1570.0,-5.54,1581.0,-4.87,2026-08-28,1612.0,-3.01,1644.0,-1.08,1577.0,-5.11,1621.0,-2.47
2026-08-21,7138,ＴＯＲＩＣＯ,193.0,153.0,193.0,150.0,193.0,160.0,184.0,20.625000000000004,4.891304347826098,4.891304347826098,11.888111888111897,28.671328671328666,0.0,14.999999999999991,6,34.97,53.17,36.88,3.32,9.79,88.76,10.14,43.82,True,True,2026-08-14,122.0,128.0,122.0,126.0,252100,2026-08-17,124.0,127.0,124.0,126.0,72500,2026-08-18,126.0,130.0,126.0,127.0,135100,2026-08-19,129.0,130.0,124.0,124.0,120500,2026-08-20,134.0,158.0,133.0,143.0,4718500,2026-08-24,203.0,5.18,214.0,10.88,177.0,-8.29,199.0,3.11,2026-08-25,201.0,4.15,218.0,12.95,195.0,1.04,199.0,3.11,2026-08-26,179.0,-7.25,186.0,-3.63,169.0,-12.44,170.0,-11.92,2026-08-27,170.0,-11.92,189.0,-2.07,169.0,-12.44,172.0,-10.88,2026-08-28,179.0,-7.25,197.0,2.07,174.0,-9.84,178.0,-7.77
2026-08-21,7719,東京衡機,468.0,443.0,515.0,429.0,467.0,467.0,570.0,0.0,-9.649122807017541,-18.070175438596493,7.35632183908046,31.034482758620683,-8.421052631578952,22.055674518201297,6,7.59,6.61,5.17,4.24,9.81,62.64,21.07,6.49,True,False,2026-08-14,443.0,448.0,438.0,439.0,36000,2026-08-17,439.0,456.0,439.0,455.0,92800,2026-08-18,455.0,467.0,451.0,452.0,90100,2026-08-19,452.0,452.0,423.0,423.0,96500,2026-08-20,428.0,443.0,428.0,435.0,54000,2026-08-24,491.0,4.91,524.0,11.97,483.0,3.21,504.0,7.69,2026-08-25,500.0,6.84,538.0,14.96,484.0,3.42,500.0,6.84,2026-08-26,495.0,5.77,519.0,10.9,480.0,2.56,497.0,6.2,2026-08-27,507.0,8.33,548.0,17.09,492.0,5.13,535.0,14.32,2026-08-28,533.0,13.89,543.0,16.03,513.0,9.62,534.0,14.1
2026-08-24,334A,ビジュアル・プロセッシング・ジャパン,975.0,942.0,976.0,942.0,975.0,970.0,970.0,0.5154639175257714,0.6185567010309256,0.5154639175257714,4.638619201725991,4.638619201725991,-0.10309278350515427,0.0,7,5.18,5.63,8.7,3.89,3.41,69.74,17.79,5.9,True,True,2026-08-17,917.0,929.0,917.0,923.0,3800,2026-08-18,924.0,930.0,918.0,928.0,1100,2026-08-19,928.0,928.0,928.0,928.0,0,2026-08-20,928.0,928.0,926.0,926.0,1100,2026-08-21,933.0,933.0,927.0,927.0,200,2026-08-25,972.0,-0.31,1066.0,9.33,972.0,-0.31,1066.0,9.33,2026-08-26,1094.0,12.21,1094.0,12.21,1024.0,5.03,1069.0,9.64,2026-08-27,1065.0,9.23,1065.0,9.23,983.0,0.82,1045.0,7.18,2026-08-28,1048.0,7.49,1050.0,7.69,1025.0,5.13,1045.0,7.18,,,,,,,,,
2026-08-24,462A,ＦＵＮＤＩＮＮＯ,281.0,239.0,317.0,239.0,281.0,249.0,264.0,12.851405622489963,20.07575757575757,6.439393939393945,5.063291139240511,11.392405063291132,-13.636363636363626,6.024096385542177,7,18.57,20.09,20.6,4.75,14.68,73.58,15.21,21.67,True,True,2026-08-17,239.0,239.0,232.0,234.0,99700,2026-08-18,235.0,240.0,229.0,230.0,68200,2026-08-19,229.0,229.0,225.0,226.0,45300,2026-08-20,227.0,234.0,226.0,228.0,46800,2026-08-21,238.0,243.0,231.0,237.0,126700,2026-08-25,361.0,28.47,361.0,28.47,311.0,10.68,339.0,20.64,2026-08-26,323.0,14.95,330.0,17.44,290.0,3.2,297.0,5.69,2026-08-27,290.0,3.2,377.0,34.16,288.0,2.49,377.0,34.16,2026-08-28,409.0,45.55,425.0,51.25,358.0,27.4,373.0,32.74,,,,,,,,,
2026-08-24,6647,森尾電機,3740.0,3305.0,3875.0,3305.0,3740.0,3335.0,3335.0,12.143928035982011,16.191904047976013,12.143928035982011,1.987767584097866,1.987767584097866,-4.0479760119940025,0.0,7,14.37,14.02,36.0,3.99,8.58,82.21,130.43,25.1,True,True,2026-08-17,3280.0,3300.0,3220.0,3280.0,1700,2026-08-18,3215.0,3300.0,3210.0,3250.0,2100,2026-08-19,3240.0,3240.0,3210.0,3220.0,1400,2026-08-20,3215.0,3245.0,3210.0,3245.0,1500,2026-08-21,3230.0,3270.0,3220.0,3270.0,800,2026-08-25,3670.0,-1.87,3680.0,-1.6,3530.0,-5.61,3675.0,-1.74,2026-08-26,3535.0,-5.48,3575.0,-4.41,3400.0,-9.09,3400.0,-9.09,2026-08-27,3410.0,-8.82,3430.0,-8.29,3365.0,-10.03,3365.0,-10.03,2026-08-28,3355.0,-10.29,3380.0,-9.63,3300.0,-11.76,3380.0,-9.63,,,,,,,,,
2026-08-24,9408,ＢＳＮメディアホールディングス,2699.0,2801.0,2801.0,2652.0,2699.0,2600.0,2659.0,3.807692307692312,5.340353516359531,1.5043249341857745,1.9208153665229322,4.233633869070963,-3.836028582173756,2.269230769230779,7,5.8,5.64,4.65,3.71,10.83,68.73,34.21,4.47,True,True,2026-08-17,2555.0,2555.0,2555.0,2555.0,0,2026-08-18,2505.0,2505.0,2500.0,2500.0,200,2026-08-19,2502.0,2550.0,2501.0,2550.0,300,2026-08-20,2550.0,2550.0,2550.0,2550.0,0,2026-08-21,2600.0,2600.0,2550.0,2551.0,400,2026-08-25,2649.0,-1.85,2649.0,-1.85,2599.0,-3.71,2648.0,-1.89,2026-08-26,2548.0,-5.59,2648.0,-1.89,2548.0,-5.59,2638.0,-2.26,2026-08-27,2638.0,-2.26,2670.0,-1.07,2638.0,-2.26,2670.0,-1.07,,,,,,,,,,,,,,,,,,
2026-08-24,4170,Ｋａｉｚｅｎ　Ｐｌａｔｆｏｒｍ,172.0,122.0,172.0,122.0,172.0,126.0,128.0,36.50793650793651,34.375,34.375,3.2786885245901676,4.918032786885251,0.0,1.5873015873015817,6,40.98,45.76,44.54,4.91,18.95,88.73,7.36,42.95,True,True,2026-08-17,112.0,119.0,112.0,118.0,113500,2026-08-18,116.0,118.0,113.0,116.0,137000,2026-08-19,116.0,118.0,115.0,117.0,74900,2026-08-20,117.0,120.0,116.0,120.0,55200,2026-08-21,120.0,126.0,118.0,122.0,132600,2026-08-25,222.0,29.07,222.0,29.07,222.0,29.07,222.0,29.07,2026-08-26,302.0,75.58,302.0,75.58,226.0,31.4,231.0,34.3,2026-08-27,194.0,12.79,202.0,17.44,151.0,-12.21,151.0,-12.21,2026-08-28,146.0,-15.12,150.0,-12.79,138.0,-19.77,141.0,-18.02,,,,,,,,,
2026-08-24,4199,ワンダープラネット,958.0,802.0,958.0,791.0,958.0,852.0,1053.0,12.441314553990601,-9.021842355175691,-9.021842355175691,5.44554455445545,30.321782178217816,0.0,23.591549295774648,6,18.56,16.4,21.11,4.21,6.2,78.04,33.21,18.94,True,False,2026-08-17,788.0,836.0,787.0,823.0,29300,2026-08-18,808.0,832.0,799.0,799.0,9400,2026-08-19,795.0,810.0,788.0,788.0,4500,2026-08-20,780.0,794.0,780.0,792.0,4800,2026-08-21,791.0,810.0,784.0,808.0,4000,2026-08-25,959.0,0.1,993.0,3.65,864.0,-9.81,864.0,-9.81,2026-08-26,858.0,-10.44,875.0,-8.66,843.0,-12.0,859.0,-10.33,2026-08-27,844.0,-11.9,887.0,-7.41,844.0,-11.9,854.0,-10.86,2026-08-28,869.0,-9.29,874.0,-8.77,820.0,-14.41,846.0,-11.69,,,,,,,,,
2026-08-24,6574,コンヴァノ,126.0,116.0,140.0,115.0,126.0,118.0,118.0,6.779661016949157,18.644067796610166,6.779661016949157,3.5087719298245723,3.5087719298245723,-11.86440677966101,0.0,6,10.53,13.51,44.83,3.23,7.38,87.76,7.93,30.76,True,True,2026-08-17,105.0,114.0,105.0,111.0,3657800,2026-08-18,108.0,118.0,107.0,111.0,3378900,2026-08-19,110.0,114.0,107.0,109.0,1079700,2026-08-20,110.0,117.0,108.0,116.0,1720000,2026-08-21,116.0,118.0,110.0,114.0,1715300,2026-08-25,121.0,-3.97,123.0,-2.38,117.0,-7.14,119.0,-5.56,2026-08-26,118.0,-6.35,120.0,-4.76,112.0,-11.11,112.0,-11.11,2026-08-27,111.0,-11.9,115.0,-8.73,109.0,-13.49,111.0,-11.9,2026-08-28,111.0,-11.9,117.0,-7.14,111.0,-11.9,114.0,-9.52,,,,,,,,,
2026-08-24,7878,光・彩,1469.0,1396.0,1536.0,1396.0,1469.0,1450.0,1597.0,1.3103448275862073,-3.819661865998747,-8.01502817783344,6.1493411420205035,16.910688140556363,-4.195366311834693,10.137931034482751,6,7.54,12.65,7.23,3.18,2.96,63.64,64.71,9.32,True,False,2026-08-17,1368.0,1371.0,1304.0,1304.0,3000,2026-08-18,1300.0,1327.0,1300.0,1327.0,900,2026-08-19,1255.0,1280.0,1255.0,1280.0,1400,2026-08-20,1307.0,1307.0,1295.0,1295.0,800,2026-08-21,1315.0,1373.0,1305.0,1366.0,3000,2026-08-25,1470.0,0.07,1595.0,8.58,1470.0,0.07,1527.0,3.95,2026-08-26,1566.0,6.6,1566.0,6.6,1488.0,1.29,1499.0,2.04,2026-08-27,1499.0,2.04,1499.0,2.04,1406.0,-4.29,1466.0,-0.2,2026-08-28,1448.0,-1.43,1469.0,0.0,1437.0,-2.18,1445.0,-1.63,,,,,,,,,
2026-08-25,2776,新都ホールディングス,101.0,95.0,111.0,95.0,101.0,96.0,99.0,5.208333333333326,12.12121212121211,2.020202020202011,2.127659574468077,5.319148936170204,-10.1010101010101,3.125,7,7.45,6.32,7.45,4.03,8.39,75.0,3.5,7.77,True,True,2026-08-18,95.0,95.0,93.0,95.0,97300,2026-08-19,94.0,95.0,93.0,95.0,119200,2026-08-20,94.0,96.0,94.0,95.0,88900,2026-08-21,93.0,95.0,92.0,95.0,179500,2026-08-24,95.0,96.0,94.0,94.0,92800,2026-08-26,98.0,-2.97,105.0,3.96,98.0,-2.97,103.0,1.98,2026-08-27,99.0,-1.98,100.0,-0.99,97.0,-3.96,97.0,-3.96,2026-08-28,98.0,-2.97,103.0,1.98,98.0,-2.97,102.0,0.99,,,,,,,,,,,,,,,,,,
2026-08-25,288A,ラクサス・テクノロジーズ,100.0,96.0,108.0,96.0,100.0,98.0,98.0,2.0408163265306145,10.20408163265305,2.0408163265306145,3.157894736842115,3.157894736842115,-8.163265306122437,0.0,7,5.26,5.26,5.26,4.5,9.56,54.55,3.57,4.87,True,True,2026-08-18,97.0,97.0,95.0,95.0,9700,2026-08-19,95.0,96.0,94.0,95.0,14200,2026-08-20,94.0,97.0,94.0,94.0,25600,2026-08-21,94.0,96.0,94.0,96.0,14300,2026-08-24,96.0,97.0,94.0,95.0,27500,2026-08-26,99.0,-1.0,100.0,0.0,96.0,-4.0,98.0,-2.0,2026-08-27,98.0,-2.0,101.0,1.0,97.0,-3.0,97.0,-3.0,2026-08-28,99.0,-1.0,100.0,0.0,98.0,-2.0,98.0,-2.0,,,,,,,,,,,,,,,,,,
2026-08-25,475A,ギミック,697.0,610.0,697.0,608.0,697.0,614.0,650.0,13.51791530944626,7.230769230769241,7.230769230769241,2.8475711892797406,8.877721943048567,0.0,5.863192182410426,7,16.75,16.75,18.54,3.27,6.13,80.73,23.14,17.62,True,True,2026-08-18,593.0,603.0,588.0,597.0,5100,2026-08-19,589.0,600.0,578.0,589.0,6500,2026-08-20,581.0,587.0,575.0,575.0,5700,2026-08-21,571.0,579.0,570.0,579.0,5500,2026-08-24,575.0,597.0,562.0,597.0,16000,2026-08-26,667.0,-4.3,696.0,-0.14,646.0,-7.32,659.0,-5.45,2026-08-27,653.0,-6.31,656.0,-5.88,609.0,-12.63,652.0,-6.46,2026-08-28,646.0,-7.32,646.0,-7.32,630.0,-9.61,639.0,-8.32,,,,,,,,,,,,,,,,,,
2026-08-25,5131,リンカーズ,135.0,117.0,157.0,117.0,135.0,126.0,135.0,7.14285714285714,16.296296296296298,0.0,7.692307692307687,15.384615384615374,-16.296296296296298,7.14285714285714,7,15.38,13.45,18.42,4.95,18.41,71.15,6.57,15.46,True,True,2026-08-18,121.0,123.0,118.0,119.0,31300,2026-08-19,120.0,120.0,115.0,115.0,12300,2026-08-20,115.0,119.0,115.0,119.0,8500,2026-08-21,118.0,120.0,117.0,120.0,4800,2026-08-24,117.0,118.0,115.0,117.0,32900,2026-08-26,140.0,3.7,146.0,8.15,127.0,-5.93,136.0,0.74,2026-08-27,128.0,-5.19,135.0,0.0,125.0,-7.41,129.0,-4.44,2026-08-28,127.0,-5.93,131.0,-2.96,124.0,-8.15,130.0,-3.7,,,,,,,,,,,,,,,,,,
2026-08-25,6165,パンチ工業,562.0,555.0,573.0,555.0,562.0,539.0,539.0,4.2671614100185495,6.307977736549164,4.2671614100185495,2.2770398481973375,2.2770398481973375,-2.0408163265306145,0.0,7,6.64,7.05,11.07,3.21,4.21,71.31,14.07,9.07,True,True,2026-08-18,536.0,536.0,524.0,525.0,57600,2026-08-19,522.0,522.0,511.0,513.0,82500,2026-08-20,518.0,525.0,515.0,525.0,34200,2026-08-21,519.0,528.0,518.0,526.0,46500,2026-08-24,527.0,533.0,523.0,527.0,23800,2026-08-26,559.0,-0.53,562.0,0.0,554.0,-1.42,561.0,-0.18,2026-08-27,561.0,-0.18,563.0,0.18,550.0,-2.14,553.0,-1.6,2026-08-28,552.0,-1.78,556.0,-1.07,547.0,-2.67,548.0,-2.49,,,,,,,,,,,,,,,,,,
2026-08-25,7356,Ｒｅｔｔｙ,125.0,119.0,143.0,119.0,125.0,123.0,126.0,1.6260162601626105,13.492063492063489,-0.7936507936507908,5.128205128205132,7.692307692307687,-14.28571428571428,2.4390243902439046,7,6.84,5.04,4.17,4.91,18.52,55.56,5.43,4.94,True,True,2026-08-18,120.0,120.0,119.0,119.0,10200,2026-08-19,119.0,119.0,115.0,116.0,14300,2026-08-20,116.0,118.0,116.0,118.0,3800,2026-08-21,119.0,119.0,114.0,119.0,19700,2026-08-24,116.0,119.0,116.0,117.0,7800,2026-08-26,130.0,4.0,131.0,4.8,119.0,-4.8,121.0,-3.2,2026-08-27,121.0,-3.2,122.0,-2.4,116.0,-7.2,117.0,-6.4,2026-08-28,119.0,-4.8,119.0,-4.8,115.0,-8.0,115.0,-8.0,,,,,,,,,,,,,,,,,,
2026-08-25,9610,ウィルソン・ラーニング　ワールドワイド,119.0,103.0,145.0,103.0,119.0,116.0,120.0,2.586206896551735,20.833333333333325,-0.8333333333333304,14.851485148514843,18.811881188118807,-21.666666666666657,3.4482758620689724,7,17.82,23.96,3.48,4.55,14.94,62.5,7.21,11.26,True,True,2026-08-18,97.0,99.0,95.0,96.0,140400,2026-08-19,95.0,97.0,92.0,94.0,154300,2026-08-20,94.0,98.0,94.0,98.0,102800,2026-08-21,96.0,100.0,96.0,100.0,109200,2026-08-24,98.0,103.0,98.0,101.0,113000,2026-08-26,114.0,-4.2,118.0,-0.84,107.0,-10.08,112.0,-5.88,2026-08-27,109.0,-8.4,111.0,-6.72,104.0,-12.61,105.0,-11.76,2026-08-28,106.0,-10.92,110.0,-7.56,105.0,-11.76,106.0,-10.92,,,,,,,,,,,,,,,,,,
2026-08-25,323A,フライヤー,404.0,377.0,439.0,377.0,404.0,381.0,450.0,6.036745406824151,-2.444444444444449,-10.222222222222221,4.383561643835621,23.28767123287672,-7.777777777777772,18.11023622047243,6,10.68,10.99,6.6,4.84,16.48,76.92,12.57,9.9,True,False,2026-08-18,369.0,370.0,364.0,364.0,3300,2026-08-19,372.0,372.0,363.0,367.0,7500,2026-08-20,370.0,370.0,359.0,370.0,4400,2026-08-21,363.0,372.0,363.0,369.0,4400,2026-08-24,369.0,370.0,364.0,365.0,2000,2026-08-26,396.0,-1.98,397.0,-1.73,380.0,-5.94,384.0,-4.95,2026-08-27,379.0,-6.19,384.0,-4.95,374.0,-7.43,382.0,-5.45,2026-08-28,380.0,-5.94,382.0,-5.45,374.0,-7.43,380.0,-5.94,,,,,,,,,,,,,,,,,,
2026-08-25,7615,京都きもの友禅ホールディングス,98.0,92.0,104.0,91.0,98.0,101.0,101.0,-2.970297029702973,2.970297029702973,-2.970297029702973,8.602150537634401,8.602150537634401,-5.940594059405946,0.0,6,5.38,6.52,-1.01,4.14,7.13,50.0,3.5,1.7,False,True,2026-08-18,92.0,93.0,91.0,92.0,118000,2026-08-19,91.0,92.0,91.0,91.0,32500,2026-08-20,91.0,93.0,91.0,93.0,61500,2026-08-21,92.0,93.0,91.0,92.0,71100,2026-08-24,92.0,93.0,92.0,93.0,80900,2026-08-26,97.0,-1.02,123.0,25.51,95.0,-3.06,101.0,3.06,2026-08-27,110.0,12.24,111.0,13.27,101.0,3.06,104.0,6.12,2026-08-28,101.0,3.06,103.0,5.1,99.0,1.02,100.0,2.04,,,,,,,,,,,,,,,,,,
2026-08-26,4178,Ｓｈａｒｉｎｇ　Ｉｎｎｏｖａｔｉｏｎｓ,554.0,557.0,565.0,544.0,554.0,520.0,520.0,6.538461538461537,8.653846153846146,6.538461538461537,5.906313645621175,5.906313645621175,-2.1153846153846088,0.0,7,12.83,11.02,10.58,4.39,11.73,68.35,19.21,10.45,True,True,2026-08-19,508.0,508.0,490.0,499.0,4200,2026-08-20,497.0,508.0,493.0,508.0,2200,2026-08-21,508.0,510.0,502.0,510.0,1400,2026-08-24,510.0,515.0,482.0,500.0,6900,2026-08-25,499.0,501.0,487.0,491.0,3600,2026-08-27,548.0,-1.08,551.0,-0.54,544.0,-1.81,551.0,-0.54,2026-08-28,555.0,0.18,555.0,0.18,541.0,-2.35,543.0,-1.99,,,,,,,,,,,,,,,,,,,,,,,,,,,
2026-08-26,4370,モビルス,346.0,310.0,376.0,310.0,346.0,340.0,340.0,1.764705882352935,10.588235294117654,1.764705882352935,13.33333333333333,13.33333333333333,-8.823529411764719,0.0,7,15.33,16.89,6.46,4.77,16.0,61.29,16.57,11.23,True,True,2026-08-19,303.0,304.0,295.0,296.0,3400,2026-08-20,303.0,306.0,296.0,304.0,3800,2026-08-21,304.0,314.0,295.0,300.0,9200,2026-08-24,300.0,304.0,293.0,294.0,4400,2026-08-25,295.0,304.0,295.0,300.0,4800,2026-08-27,338.0,-2.31,342.0,-1.16,310.0,-10.4,313.0,-9.54,2026-08-28,321.0,-7.23,393.0,13.58,321.0,-7.23,393.0,13.58,,,,,,,,,,,,,,,,,,,,,,,,,,,
2026-08-26,6664,オプトエレクトロニクス,259.0,246.0,265.0,246.0,259.0,251.0,253.0,3.1872509960159334,4.743083003952564,2.371541501976293,2.0325203252032464,2.8455284552845628,-2.371541501976271,0.7968127490039834,7,5.28,6.58,7.92,3.25,4.3,71.43,7.79,6.6,True,True,2026-08-19,244.0,245.0,242.0,243.0,3600,2026-08-20,246.0,246.0,241.0,242.0,2600,2026-08-21,243.0,243.0,236.0,241.0,8100,2026-08-24,237.0,242.0,237.0,242.0,3700,2026-08-25,242.0,246.0,240.0,246.0,6800,2026-08-27,258.0,-0.39,259.0,0.0,252.0,-2.7,255.0,-1.54,2026-08-28,251.0,-3.09,255.0,-1.54,250.0,-3.47,254.0,-1.93,,,,,,,,,,,,,,,,,,,,,,,,,,,
2026-08-26,7709,クボテック,60.0,41.0,66.0,41.0,60.0,56.0,56.0,7.14285714285714,17.85714285714286,7.14285714285714,55.55555555555556,55.55555555555556,-10.714285714285722,0.0,7,66.67,57.89,46.34,4.8,8.09,73.33,5.43,46.34,True,True,2026-08-19,40.0,41.0,37.0,38.0,195900,2026-08-20,38.0,40.0,38.0,38.0,32400,2026-08-21,38.0,38.0,37.0,38.0,55300,2026-08-24,38.0,38.0,36.0,37.0,137700,2026-08-25,37.0,37.0,36.0,36.0,44300,2026-08-27,61.0,1.67,61.0,1.67,45.0,-25.0,48.0,-20.0,2026-08-28,58.0,-3.33,64.0,6.67,51.0,-15.0,52.0,-13.33,,,,,,,,,,,,,,,,,,,,,,,,,,,
2026-08-26,1447,ＳＡＡＦホールディングス,420.0,416.0,432.0,400.0,420.0,417.0,439.0,0.7194244604316502,-1.5945330296127547,-4.32801822323462,4.249999999999998,9.749999999999993,-2.7334851936218656,5.27577937649879,6,5.0,6.06,15.07,3.55,4.97,77.78,15.79,11.83,True,False,2026-08-19,395.0,397.0,389.0,396.0,43000,2026-08-20,391.0,399.0,391.0,396.0,61500,2026-08-21,397.0,404.0,394.0,398.0,61000,2026-08-24,401.0,404.0,396.0,404.0,71500,2026-08-25,403.0,406.0,398.0,400.0,39300,2026-08-27,415.0,-1.19,427.0,1.67,415.0,-1.19,422.0,0.48,2026-08-28,419.0,-0.24,429.0,2.14,418.0,-0.48,429.0,2.14,,,,,,,,,,,,,,,,,,,,,,,,,,,
2026-08-26,4316,ビーマップ,107.0,79.0,107.0,79.0,107.0,100.0,127.0,7.000000000000006,-15.748031496062998,-15.748031496062998,29.87012987012987,64.93506493506493,0.0,27.0,6,38.96,35.44,13.83,4.68,10.3,71.7,5.86,21.48,True,False,2026-08-19,81.0,83.0,79.0,79.0,36800,2026-08-20,79.0,82.0,79.0,82.0,20700,2026-08-21,81.0,83.0,80.0,81.0,58400,2026-08-24,81.0,82.0,80.0,81.0,21600,2026-08-25,81.0,82.0,76.0,77.0,41400,2026-08-27,97.0,-9.35,99.0,-7.48,83.0,-22.43,85.0,-20.56,2026-08-28,89.0,-16.82,113.0,5.61,85.0,-20.56,101.0,-5.61,,,,,,,,,,,,,,,,,,,,,,,,,,,
2026-08-26,4422,ＶＡＬＵＥＮＥＸ,600.0,659.0,659.0,593.0,600.0,614.0,614.0,-2.28013029315961,7.328990228013033,-2.28013029315961,9.838998211091244,9.838998211091244,-9.609120521172642,0.0,6,7.33,7.53,16.73,4.55,10.54,64.71,27.79,9.07,False,True,2026-08-19,584.0,584.0,551.0,558.0,59900,2026-08-20,560.0,577.0,557.0,576.0,30700,2026-08-21,566.0,576.0,558.0,571.0,22800,2026-08-24,570.0,571.0,550.0,562.0,31000,2026-08-25,569.0,569.0,550.0,559.0,20200,2026-08-27,592.0,-1.33,603.0,0.5,565.0,-5.83,597.0,-0.5,2026-08-28,587.0,-2.17,624.0,4.0,586.0,-2.33,593.0,-1.17,,,,,,,,,,,,,,,,,,,,,,,,,,,
2026-08-26,6769,ザインエレクトロニクス,1139.0,1083.0,1180.0,1063.0,1139.0,1175.0,1175.0,-3.0638297872340403,0.42553191489360653,-3.0638297872340403,9.710550887021485,9.710550887021485,-3.489361702127647,0.0,6,6.35,6.05,20.27,3.17,3.74,58.14,47.79,8.24,False,True,2026-08-19,1124.0,1128.0,1071.0,1074.0,50900,2026-08-20,1090.0,1094.0,1063.0,1067.0,40100,2026-08-21,1061.0,1068.0,1034.0,1057.0,26700,2026-08-24,1048.0,1068.0,1037.0,1050.0,42200,2026-08-25,1050.0,1088.0,1050.0,1071.0,44000,2026-08-27,1169.0,2.63,1176.0,3.25,1118.0,-1.84,1140.0,0.09,2026-08-28,1128.0,-0.97,1253.0,10.01,1121.0,-1.58,1207.0,5.97,,,,,,,,,,,,,,,,,,,,,,,,,,,
2026-08-26,7983,ミロク,1330.0,1275.0,1334.0,1206.0,1330.0,1099.0,1099.0,21.019108280254773,21.383075523202912,21.019108280254773,0.36529680365295913,0.36529680365295913,-0.36396724294813865,0.0,6,21.46,25.12,27.27,4.92,18.15,85.4,35.43,24.71,True,True,2026-08-19,1074.0,1074.0,1063.0,1063.0,1600,2026-08-20,1078.0,1079.0,1078.0,1079.0,200,2026-08-21,1083.0,1099.0,1066.0,1099.0,1400,2026-08-24,1094.0,1094.0,1084.0,1084.0,800,2026-08-25,1095.0,1095.0,1094.0,1095.0,2400,2026-08-27,1310.0,-1.5,1310.0,-1.5,1241.0,-6.69,1292.0,-2.86,2026-08-28,1280.0,-3.76,1280.0,-3.76,1231.0,-7.44,1232.0,-7.37,,,,,,,,,,,,,,,,,,,,,,,,,,,
2026-08-27,1401,エムビーエス,1365.0,1307.0,1365.0,1307.0,1365.0,1327.0,1327.0,2.8636021100226117,2.8636021100226117,2.8636021100226117,2.313030069390898,2.313030069390898,0.0,0.0,7,5.24,6.47,7.91,3.67,5.93,73.26,17.14,6.17,True,True,2026-08-20,1282.0,1293.0,1281.0,1282.0,900,2026-08-21,1291.0,1293.0,1291.0,1293.0,1000,2026-08-24,1293.0,1293.0,1281.0,1289.0,2400,2026-08-25,1285.0,1290.0,1284.0,1290.0,2000,2026-08-26,1290.0,1297.0,1290.0,1297.0,1400,2026-08-28,1360.0,-0.37,1360.0,-0.37,1318.0,-3.44,1336.0,-2.12,,,,,,,,,,,,,,,,,,,,,,,,,,,,,,,,,,,,
2026-08-27,2330,フォーサイド,87.0,80.0,87.0,78.0,87.0,80.0,80.0,8.749999999999991,8.749999999999991,8.749999999999991,2.564102564102555,2.564102564102555,0.0,0.0,7,11.54,14.47,19.18,3.72,5.72,81.82,3.07,15.63,True,True,2026-08-20,75.0,77.0,75.0,76.0,130800,2026-08-21,77.0,80.0,77.0,77.0,199000,2026-08-24,77.0,78.0,77.0,77.0,56800,2026-08-25,77.0,78.0,76.0,77.0,79500,2026-08-26,77.0,78.0,77.0,78.0,58600,2026-08-28,87.0,0.0,87.0,0.0,81.0,-6.9,83.0,-4.6,,,,,,,,,,,,,,,,,,,,,,,,,,,,,,,,,,,,
2026-08-27,3787,テクノマセマティカル,389.0,325.0,400.0,323.0,389.0,336.0,336.0,15.773809523809534,19.047619047619047,15.773809523809534,3.384615384615386,3.384615384615386,-3.273809523809513,0.0,7,19.69,23.1,49.04,3.62,5.32,82.26,23.5,33.77,True,True,2026-08-20,324.0,325.0,309.0,316.0,25100,2026-08-21,316.0,320.0,307.0,320.0,13900,2026-08-24,313.0,329.0,313.0,329.0,9400,2026-08-25,329.0,329.0,309.0,324.0,11900,2026-08-26,325.0,336.0,321.0,325.0,17200,2026-08-28,390.0,0.26,400.0,2.83,357.0,-8.23,395.0,1.54,,,,,,,,,,,,,,,,,,,,,,,,,,,,,,,,,,,,
2026-08-27,4082,第一稀元素化学工業,3000.0,2906.0,3095.0,2600.0,3000.0,2591.0,2591.0,15.785411038209185,19.45194905441914,15.785411038209185,0.0,0.0,-3.6665380162099535,0.0,7,15.79,51.13,78.89,4.58,13.73,82.8,155.86,51.78,True,True,2026-08-20,1946.0,1999.0,1946.0,1985.0,226300,2026-08-21,1950.0,1978.0,1902.0,1947.0,170200,2026-08-24,1947.0,2041.0,1917.0,2025.0,211200,2026-08-25,2025.0,2106.0,2020.0,2091.0,335400,2026-08-26,2591.0,2591.0,2591.0,2591.0,327400,2026-08-28,2880.0,-4.0,2969.0,-1.03,2802.0,-6.6,2830.0,-5.67,,,,,,,,,,,,,,,,,,,,,,,,,,,,,,,,,,,,
2026-08-27,5029,サークレイス,940.0,820.0,940.0,805.0,940.0,868.0,868.0,8.294930875576046,8.294930875576046,8.294930875576046,9.873417721518996,9.873417721518996,0.0,0.0,7,18.99,22.4,12.44,4.48,10.25,67.46,43.14,19.24,True,True,2026-08-20,744.0,768.0,736.0,768.0,11200,2026-08-21,774.0,785.0,745.0,763.0,7600,2026-08-24,766.0,792.0,766.0,784.0,5700,2026-08-25,785.0,794.0,781.0,793.0,4200,2026-08-26,784.0,798.0,782.0,790.0,5700,2026-08-28,1030.0,9.57,1040.0,10.64,876.0,-6.81,915.0,-2.66,,,,,,,,,,,,,,,,,,,,,,,,,,,,,,,,,,,,
2026-08-27,6775,ＴＢグループ,128.0,133.0,162.0,122.0,128.0,121.0,128.0,5.785123966942152,26.5625,0.0,1.680672268907557,7.563025210084029,-26.5625,5.785123966942152,7,7.56,11.3,6.67,4.84,16.89,65.52,5.43,9.25,True,True,2026-08-20,114.0,115.0,113.0,115.0,55900,2026-08-21,115.0,117.0,114.0,117.0,70100,2026-08-24,117.0,117.0,115.0,115.0,71000,2026-08-25,115.0,117.0,115.0,116.0,60600,2026-08-26,116.0,119.0,115.0,119.0,77100,2026-08-28,124.0,-3.12,139.0,8.59,122.0,-4.69,130.0,1.56,,,,,,,,,,,,,,,,,,,,,,,,,,,,,,,,,,,,
2026-08-27,7078,ＩＮＣＬＵＳＩＶＥ　Ｈｏｌｄｉｎｇｓ,368.0,339.0,419.0,330.0,368.0,360.0,369.0,2.2222222222222143,13.55013550135502,-0.27100271002710175,6.194690265486735,8.849557522123884,-13.821138211382122,2.499999999999991,7,8.55,3.08,10.18,4.26,12.34,67.9,13.14,7.51,True,True,2026-08-20,347.0,357.0,346.0,357.0,14200,2026-08-21,355.0,360.0,349.0,351.0,25400,2026-08-24,351.0,351.0,342.0,343.0,22600,2026-08-25,342.0,345.0,339.0,341.0,8400,2026-08-26,341.0,342.0,339.0,339.0,11700,2026-08-28,373.0,1.36,385.0,4.62,348.0,-5.43,365.0,-0.82,,,,,,,,,,,,,,,,,,,,,,,,,,,,,,,,,,,,
2026-08-27,9236,ジャパンＭ＆Ａソリューション,1437.0,1280.0,1437.0,1280.0,1437.0,1349.0,1349.0,6.5233506300963695,6.5233506300963695,6.5233506300963695,9.407948094079476,9.407948094079476,0.0,0.0,7,16.55,11.05,24.96,4.36,5.37,75.23,61.93,17.07,True,True,2026-08-20,1270.0,1299.0,1269.0,1294.0,2900,2026-08-21,1295.0,1299.0,1294.0,1299.0,1900,2026-08-24,1300.0,1320.0,1300.0,1300.0,800,2026-08-25,1240.0,1293.0,1230.0,1293.0,600,2026-08-26,1233.0,1233.0,1233.0,1233.0,100,2026-08-28,1444.0,0.49,1444.0,0.49,1401.0,-2.51,1401.0,-2.51,,,,,,,,,,,,,,,,,,,,,,,,,,,,,,,,,,,,
2026-08-27,5242,アイズ,2704.0,2299.0,2704.0,2299.0,2704.0,2644.0,3210.0,2.26928895612708,-15.763239875389413,-15.763239875389413,19.963702359346634,45.6442831215971,0.0,21.406959152798798,6,22.69,41.72,8.59,3.76,5.48,68.08,184.86,24.4,True,False,2026-08-20,1916.0,1967.0,1863.0,1908.0,10500,2026-08-21,1887.0,1938.0,1800.0,1938.0,8900,2026-08-24,1937.0,1937.0,1897.0,1915.0,800,2026-08-25,1916.0,1978.0,1916.0,1978.0,1600,2026-08-26,1979.0,2216.0,1979.0,2204.0,16300,2026-08-28,3000.0,10.95,3055.0,12.98,2403.0,-11.13,2519.0,-6.84,,,,,,,,,,,,,,,,,,,,,,,,,,,,,,,,,,,,
2026-08-27,9343,アイビス,822.0,779.0,836.0,779.0,822.0,832.0,832.0,-1.2019230769230727,0.48076923076922906,-1.2019230769230727,6.39386189258313,6.39386189258313,-1.6826923076923017,0.0,6,5.12,6.48,5.25,3.05,3.3,51.85,23.36,5.69,False,True,2026-08-20,761.0,778.0,761.0,772.0,66400,2026-08-21,776.0,776.0,764.0,766.0,44900,2026-08-24,775.0,775.0,768.0,770.0,18000,2026-08-25,773.0,773.0,762.0,766.0,20100,2026-08-26,773.0,790.0,773.0,782.0,44700,2026-08-28,820.0,-0.24,851.0,3.53,820.0,-0.24,840.0,2.19,,,,,,,,,,,,,,,,,,,,,,,,,,,,,,,,,,,,
