DetectionDate,Code,Name,InitialScore,Change5,VolumeRatio20,Day1,Day2,Drop,Day2Band,BuyReason,StoredDay2Price,YahooDay2Price,StoredVsYahooDay2Pct,Day3Date,Day3Price,D2toD3,Day5Date,Day5Price,D2toD5
2026-08-28,7743,シード,4,18.47,1.21,24.88,24.72,-0.16,>=10%,Drop>=-3.5,792.0,792.0,0.0,2026-09-02,792.0,0.0,,,
2026-08-28,4420,イーソル,4,11.11,1.18,19.87,16.67,-3.2,>=10%,Drop>=-3.5,910.0,910.0,0.0,2026-09-02,829.0,-8.9,,,
2026-08-28,5283,高見澤,4,2.89,7.75,-1.25,-0.16,1.09,<0%,Drop>=-3.5,3195.0,3195.0,0.0,2026-09-02,3185.0,-0.31,,,
2026-08-28,7709,クボテック,3,63.16,1.1,1.61,9.68,8.07,5-10%,Drop>=-3.5,68.0,68.0,0.0,2026-09-02,68.0,0.0,,,
2026-08-28,9212,Ｇｒｅｅｎ　Ｅａｒｔｈ　Ｉｎｓｔｉｔｕｔｅ,3,3.33,2.13,-1.43,-1.43,0.0,<0%,Drop>=-3.5,275.0,275.0,0.0,2026-09-02,268.0,-2.55,,,
2026-08-28,3077,ホリイフードサービス,4,19.98,1.73,0.33,3.92,3.59,0-5%,Drop>=-3.5,1273.0,1273.0,0.0,2026-09-02,1253.0,-1.57,,,
2026-08-28,5033,ヌーラボ,4,10.26,5.62,0.63,12.47,11.84,>=10%,Drop>=-3.5,1064.0,1064.0,0.0,2026-09-02,1006.0,-5.45,,,
2026-08-28,3350,メタプラネット,4,10.13,1.63,-7.42,-3.26,4.16,<0%,Drop>=-3.5,326.0,326.0,0.0,2026-09-02,300.0,-7.98,,,
2026-08-28,2961,日本調理機,4,9.91,7.64,1.45,2.46,1.01,0-5%,Drop>=-3.5,1625.0,1625.0,0.0,2026-09-02,1625.0,0.0,,,
2026-08-28,9087,タカセ,4,6.31,1.85,0.46,2.74,2.28,0-5%,Drop>=-3.5,2250.0,2250.0,0.0,2026-09-02,2129.0,-5.38,,,
2026-08-28,4493,サイバーセキュリティクラウド,4,6.19,2.7,-2.51,-6.73,-4.22,<0%,Drop混在ゾーン救済,1856.0,1856.0,0.0,2026-09-02,1800.0,-3.02,,,
2026-08-28,4058,トヨクモ,4,5.08,1.14,-1.16,-1.0,0.16,<0%,Drop>=-3.5,2562.0,2562.0,0.0,2026-09-02,2428.0,-5.23,,,
2026-08-28,4881,ファンペップ,4,3.92,1.01,0.0,-1.89,-1.89,<0%,Drop>=-3.5,52.0,52.0,0.0,2026-09-02,50.0,-3.85,,,
2026-08-28,4769,ＩＣ,4,0.87,4.21,-1.29,-1.29,0.0,<0%,Drop>=-3.5,1150.0,1150.0,0.0,2026-09-02,1122.0,-2.43,,,
2026-08-28,7486,サンリン,4,0.62,2.83,0.49,-0.12,-0.61,<0%,Drop>=-3.5,817.0,817.0,0.0,2026-09-02,810.0,-0.86,,,
2026-08-28,4316,ビーマップ,3,30.86,4.19,24.53,27.36,2.83,>=10%,Drop>=-3.5,135.0,135.0,0.0,2026-09-02,122.0,-9.63,,,
2026-08-28,6030,アドベンチャー,3,5.93,1.76,2.01,-0.31,-2.32,<0%,Drop>=-3.5,1584.0,1584.0,0.0,2026-09-02,1576.0,-0.51,,,
2026-08-28,218A,Ｌｉｂｅｒａｗａｒｅ,3,5.5,1.11,1.68,1.6,-0.08,0-5%,Drop>=-3.5,1209.0,1209.0,0.0,2026-09-02,1172.0,-3.06,,,
2026-08-28,4258,網屋,3,3.37,1.13,-4.52,-4.41,0.11,<0%,Drop>=-3.5,4550.0,4550.0,0.0,2026-09-02,4210.0,-7.47,,,
2026-08-28,2590,ダイドーグループホールディングス,3,2.64,5.3,-1.77,-3.8,-2.03,<0%,Drop>=-3.5,2987.0,2987.0,0.0,2026-09-02,2960.0,-0.9,,,
2026-08-28,3825,リミックスポイント,3,2.53,1.71,-1.23,-1.23,0.0,<0%,Drop>=-3.5,240.0,240.0,0.0,2026-09-02,228.0,-5.0,,,
2026-08-28,5038,ｅＷｅＬＬ,3,0.44,1.44,-2.47,-3.31,-0.84,<0%,Drop>=-3.5,2191.0,2191.0,0.0,2026-09-02,2105.0,-3.93,,,
2026-08-28,485A,パワーエックス,4,16.27,1.49,-9.79,-11.77,-1.98,<0%,Drop>=-3.5,1784.0,1784.0,0.0,2026-09-02,1674.0,-6.17,,,
2026-08-28,8700,丸八証券,4,13.9,3.23,-4.19,-5.45,-1.26,<0%,Drop>=-3.5,2100.0,2100.0,0.0,2026-09-02,2068.0,-1.52,,,
2026-08-28,6659,メディアリンクス,4,12.5,1.57,0.0,-1.85,-1.85,<0%,Drop>=-3.5,53.0,53.0,0.0,2026-09-02,49.0,-7.55,,,
2026-08-28,4417,グローバルセキュリティエキスパート,4,10.0,1.99,-1.72,-4.04,-2.32,<0%,Drop>=-3.5,4750.0,4750.0,0.0,2026-09-02,4495.0,-5.37,,,
2026-08-28,2156,セーラー広告,4,2.55,3.69,0.0,0.0,0.0,0-5%,Drop>=-3.5,281.0,281.0,0.0,2026-09-02,280.0,-0.36,,,
2026-08-28,4704,トレンドマイクロ,3,10.56,1.19,-0.88,-0.08,0.8,<0%,Drop>=-3.5,6045.0,6045.0,0.0,2026-09-02,5778.0,-4.42,,,
2026-08-28,8918,ランド,3,10.0,1.06,0.0,0.0,0.0,0-5%,Drop>=-3.5,11.0,11.0,0.0,2026-09-02,11.0,0.0,,,
2026-08-28,4664,アール・エス・シー,3,9.7,1.46,-1.92,-3.85,-1.93,<0%,Drop>=-3.5,1000.0,1000.0,0.0,2026-09-02,1043.0,4.3,,,
2026-08-28,3652,ディジタルメディアプロフェッショナル,3,9.16,1.72,0.08,-2.2,-2.28,<0%,Drop>=-3.5,2575.0,2575.0,0.0,2026-09-02,2487.0,-3.42,,,
2026-08-28,3778,さくらインターネット,3,8.26,1.25,1.29,-1.94,-3.23,<0%,Drop>=-3.5,3790.0,3790.0,0.0,2026-09-02,3570.0,-5.8,,,
2026-08-28,2776,新都ホールディングス,3,7.37,1.3,1.96,1.96,0.0,0-5%,Drop>=-3.5,104.0,104.0,0.0,2026-09-02,101.0,-2.88,,,
2026-08-28,4019,スタメン,3,6.23,1.55,-2.49,-1.91,0.58,<0%,Drop>=-3.5,669.0,669.0,0.0,2026-09-02,636.0,-4.93,,,
2026-08-28,4259,エクサウィザーズ,3,5.47,1.12,-0.94,-1.3,-0.36,<0%,Drop>=-3.5,837.0,837.0,0.0,2026-09-02,815.0,-2.63,,,
2026-08-28,5721,エスクリプトエナジー,3,5.26,1.3,0.0,-1.67,-1.67,<0%,Drop>=-3.5,59.0,59.0,0.0,2026-09-02,57.0,-3.39,,,
2026-08-28,9900,サガミホールディングス,3,4.66,1.26,0.09,2.47,2.38,0-5%,Drop>=-3.5,1163.0,1163.0,0.0,2026-09-02,1118.0,-3.87,,,
2026-08-28,9558,ジャパニアス,3,0.76,4.34,1.11,0.7,-0.41,0-5%,Drop>=-3.5,2001.0,2001.0,0.0,2026-09-02,1990.0,-0.55,,,
2026-08-28,4165,プレイド,3,0.27,1.12,1.09,-3.26,-4.35,<0%,Drop混在ゾーン救済,712.0,712.0,0.0,2026-09-02,701.0,-1.54,,,
2026-08-28,6730,アクセル,3,0.08,5.43,2.5,0.58,-1.92,0-5%,Drop>=-3.5,1207.0,1207.0,0.0,2026-09-02,1203.0,-0.33,,,
2026-08-31,4440,ヴィッツ,4,37.71,3.22,-5.11,16.86,21.97,>=10%,Drop>=-3.5,1899.0,1838.0,3.32,,,,,,
2026-08-31,2156,セーラー広告,4,2.55,3.69,0.0,-0.36,-0.36,<0%,Drop>=-3.5,280.0,280.0,0.0,,,,,,
2026-08-31,4769,ＩＣ,4,0.43,4.84,-0.86,-3.28,-2.42,<0%,Drop>=-3.5,1122.0,1122.0,0.0,,,,,,
2026-08-31,9558,ジャパニアス,3,0.76,4.34,0.7,0.35,-0.35,0-5%,Drop>=-3.5,1994.0,1990.0,0.2,,,,,,
2026-08-31,4667,アイサンテクノロジー,4,50.1,6.22,-15.42,0.64,16.06,0-5%,Drop>=-3.5,3145.0,3145.0,0.0,,,,,,
2026-08-31,2810,ハウス食品グループ本社,4,6.04,1.16,0.45,-1.36,-1.81,<0%,Drop>=-3.5,3930.0,3927.0,0.08,,,,,,
2026-08-31,2814,佐藤食品工業,4,3.38,3.53,0.92,1.57,0.65,0-5%,Drop>=-3.5,3885.0,3885.0,0.0,,,,,,
2026-08-31,2877,日東ベスト,4,2.13,3.37,-1.31,-1.57,-0.26,<0%,Drop>=-3.5,754.0,754.0,0.0,,,,,,
2026-08-31,5967,ＴＯＮＥ,3,7.16,3.06,-2.83,-5.06,-2.23,<0%,Drop>=-3.5,469.0,470.0,-0.21,,,,,,
2026-08-31,4124,大阪油化工業,3,2.66,3.01,-0.4,3.13,3.53,0-5%,Drop>=-3.5,3060.0,3060.0,0.0,,,,,,
2026-08-31,4893,ノイルイミューン・バイオテック,4,4.83,9.6,-1.97,-3.29,-1.32,<0%,Drop>=-3.5,147.0,147.0,0.0,,,,,,
2026-08-31,7119,ハルメクホールディングス,4,4.62,3.75,3.53,2.15,-1.38,0-5%,Drop>=-3.5,1851.0,1851.0,0.0,,,,,,
2026-08-31,5704,ＪＭＣ,3,4.18,2.28,-1.75,-2.26,-0.51,<0%,Drop混在ゾーン救済,390.0,390.0,0.0,,,,,,
2026-08-31,4394,エクスモーション,4,27.34,10.03,-10.73,-6.21,4.52,<0%,Drop>=-3.5,664.0,653.0,1.68,,,,,,
2026-08-31,338A,ＺｅｎｍｕＴｅｃｈ,4,11.4,1.67,-7.42,2.56,9.98,0-5%,Drop>=-3.5,2365.0,2343.0,0.94,,,,,,
2026-08-31,4430,東海ソフト,4,8.24,5.87,-0.94,-1.93,-0.99,<0%,Drop>=-3.5,1777.0,1777.0,0.0,,,,,,
2026-08-31,4883,モダリス,4,6.06,1.15,0.0,-2.86,-2.86,<0%,Drop>=-3.5,34.0,34.0,0.0,,,,,,
2026-08-31,192A,インテグループ,4,3.32,5.16,-1.33,-0.39,0.94,<0%,Drop>=-3.5,1270.0,1273.0,-0.24,,,,,,
2026-08-31,6562,ジーニー,3,11.63,1.2,-5.41,-6.44,-1.03,<0%,Drop>=-3.5,916.0,912.0,0.44,,,,,,
2026-08-31,9913,日邦産業,3,11.28,1.09,0.0,-0.27,-0.27,<0%,Drop>=-3.5,3640.0,3615.0,0.69,,,,,,
2026-08-31,4326,インテージホールディングス,4,11.83,1.4,-3.62,-6.86,-3.24,<0%,Drop>=-3.5,2008.0,2014.0,-0.3,,,,,,
2026-08-31,3111,オーミケンシ,4,10.47,3.72,1.58,-1.05,-2.63,<0%,Drop>=-3.5,188.0,188.0,0.0,,,,,,
2026-08-31,6810,マクセル,4,10.46,4.27,-0.99,-3.0,-2.01,<0%,Drop>=-3.5,2550.0,2543.0,0.28,,,,,,
2026-08-31,4334,ユークス,4,4.46,6.51,0.75,0.75,0.0,0-5%,Drop>=-3.5,401.0,401.0,0.0,,,,,,
2026-08-31,2479,ジェイテック,4,4.07,5.51,0.39,-0.39,-0.78,<0%,Drop>=-3.5,255.0,256.0,-0.39,,,,,,
2026-08-31,4388,エーアイ,4,3.57,4.44,-0.8,-2.12,-1.32,<0%,Drop>=-3.5,369.0,370.0,-0.27,,,,,,
2026-08-31,2742,ハローズ,4,3.39,5.86,-3.88,-3.4,0.48,<0%,Drop>=-3.5,3980.0,3990.0,-0.25,,,,,,
2026-08-31,6345,アイチ　コーポレーション,4,1.93,4.97,0.0,-1.96,-1.96,<0%,Drop>=-3.5,1450.0,1447.0,0.21,,,,,,
2026-08-31,2983,アールプランナー,4,1.36,3.19,-1.05,1.05,2.1,0-5%,Drop>=-3.5,1727.0,1746.0,-1.09,,,,,,
2026-08-31,5440,共英製鋼,4,1.23,4.68,3.64,0.78,-2.86,0-5%,Drop>=-3.5,2079.0,2081.0,-0.1,,,,,,
2026-08-31,6787,メイコー,3,16.35,1.09,-6.55,-6.8,-0.25,<0%,Drop混在ゾーン救済,18500.0,18400.0,0.54,,,,,,
2026-08-31,3156,レスター,3,15.63,1.16,1.45,-3.27,-4.72,<0%,Drop>=-3.5,5330.0,5340.0,-0.19,,,,,,
2026-08-31,2195,アミタホールディングス,3,12.36,11.05,-3.07,1.79,4.86,0-5%,Drop>=-3.5,398.0,394.0,1.02,,,,,,
2026-08-31,6336,石井表記,3,11.58,1.27,-0.22,0.6,0.82,0-5%,Drop>=-3.5,1842.0,1835.0,0.38,,,,,,
2026-08-31,5367,ニッカトー,3,11.27,1.31,-0.45,-0.3,0.15,<0%,Drop>=-3.5,1319.0,1315.0,0.3,,,,,,
2026-08-31,5301,東海カーボン,3,9.69,1.25,5.3,0.3,-5.0,0-5%,Drop>=-3.5,1816.5,1812.0,0.25,,,,,,
2026-08-31,3105,日清紡ホールディングス,3,9.32,1.44,-0.72,0.07,0.79,0-5%,Drop>=-3.5,2295.0,2282.5,0.55,,,,,,
2026-08-31,194A,ＷＯＬＶＥＳ　ＨＡＮＤ,3,8.7,1.05,-0.34,0.83,1.17,0-5%,Drop>=-3.5,2066.0,2080.0,-0.67,,,,,,
2026-08-31,6785,鈴木,3,8.48,1.58,-1.6,-3.53,-1.93,<0%,Drop>=-3.5,3010.0,2994.0,0.53,,,,,,
2026-08-31,2760,東京エレクトロン　デバイス,3,7.51,1.3,0.0,-3.96,-3.96,<0%,Drop>=-3.5,4125.0,4105.0,0.49,,,,,,
2026-08-31,8198,マックスバリュ東海,3,7.11,6.02,-3.17,-3.03,0.14,<0%,Drop>=-3.5,3360.0,3350.0,0.3,,,,,,
2026-08-31,3918,ＰＣＩホールディングス,3,4.4,2.9,-1.54,-3.24,-1.7,<0%,Drop>=-3.5,1195.0,1193.0,0.17,,,,,,
2026-08-31,6652,ＩＤＥＣ,3,4.32,1.57,-0.93,-1.07,-0.14,<0%,Drop>=-3.5,3705.0,3685.0,0.54,,,,,,
2026-08-31,6740,ジャパンディスプレイ,3,4.26,1.61,0.0,-6.12,-6.12,<0%,Drop混在ゾーン救済,46.0,46.0,0.0,,,,,,
2026-08-31,6730,アクセル,3,3.8,11.59,-1.87,-2.03,-0.16,<0%,Drop>=-3.5,1205.0,1203.0,0.17,,,,,,
2026-08-31,4228,積水化成品工業,3,3.34,1.07,2.91,-3.24,-6.15,<0%,Drop>=-3.5,598.0,597.0,0.17,,,,,,
2026-08-31,6473,ジェイテクト,3,3.09,2.0,1.65,-0.07,-1.72,<0%,Drop>=-3.5,2149.0,2145.0,0.19,,,,,,
2026-08-31,5582,グリッド,3,2.9,1.33,-2.09,-4.86,-2.77,<0%,Drop>=-3.5,1956.0,1956.0,0.0,,,,,,
2026-08-31,428A,サイプレス・ホールディングス,3,2.62,1.37,2.69,5.24,2.55,5-10%,Drop>=-3.5,1526.0,1522.0,0.26,,,,,,
2026-08-31,504A,イノバセル,3,0.69,1.38,-3.95,-1.54,2.41,<0%,Drop>=-3.5,574.0,573.0,0.17,,,,,,
2026-08-31,3537,昭栄薬品,3,0.46,3.85,1.09,0.52,-0.57,0-5%,Drop>=-3.5,1752.0,1752.0,0.0,,,,,,
2026-08-31,3329,東和フードサービス,3,0.09,8.45,0.52,0.89,0.37,0-5%,Drop>=-3.5,2144.0,2144.0,0.0,,,,,,
2026-08-31,5033,ヌーラボ,4,17.21,1.98,2.8,-2.51,-5.31,<0%,Drop>=-3.5,1009.0,1006.0,0.3,,,,,,
